MARKER1,MARKER2,SD,MISSING,APER,BPER,ABPER
1,56,1.372881356,7,22.0,23.7,54.2
2,58,5.037267081,23,17.4,26.7,55.9
3,71,2.1375,24,28.8,20.6,50.6
4,102,19.12987013,30,29.9,9.7,60.4
5,205,2.098265896,11,22.5,22.0,55.5
6,232,2.920529801,33,28.5,19.2,52.3
7,248,5.083832335,17,18.0,29.9,52.1
8,354,0.668639053,15,24.9,22.5,52.7
9,356,0.707602339,13,25.7,22.2,52.0
10,368,8.016949153,7,15.8,28.8,55.4
11,405,0.653846154,28,27.6,23.1,49.4
12,407,11.47741935,29,16.1,20.6,63.2
13,437,0.904761905,16,23.8,22.6,53.6
14,471,2.805714286,9,20.6,23.4,56.0
15,494,2.157894737,13,29.8,22.8,47.4
16,539,4.4,4,20.6,21.7,57.8
17,551,6.898876404,6,18.5,21.9,59.6
18,552,0.965116279,12,22.1,27.3,50.6
19,630,3.6,24,21.3,21.3,57.5
20,661,0.337278107,15,25.4,23.1,51.5
21,679,8.844155844,30,24.0,15.6,60.4
22,684,1.068571429,9,22.3,24.0,53.7
23,696,5.337209302,12,19.8,21.5,58.7
24,741,6.972972973,36,20.3,18.9,60.8
25,792,0.842424242,19,24.2,22.4,53.3
26,822,10.62921348,6,16.9,21.3,61.8
27,929,6.628742515,17,19.2,21.0,59.9
28,948,0.136363636,8,23.9,25.0,51.1
29,949,0.683544304,26,22.8,24.1,53.2
30,965,1.01183432,15,27.2,21.9,50.9
31,968,9.646706587,17,35.3,20.4,44.3
32,977,2.852272727,8,21.0,22.7,56.3
33,991,2.222222222,4,22.2,22.2,55.6
34,1055,1.036144578,18,21.7,25.3,53.0
35,1091,1.013513514,36,25.0,21.6,53.4
36,1099,7.727272727,19,21.2,18.2,60.6
37,1122,4.454545455,8,21.0,21.0,58.0
38,1130,2.236363636,19,27.3,20.0,52.7
39,1178,0.72,34,28.0,24.0,48.0
40,1227,8.367231638,7,24.3,16.4,59.3
41,1298,0.936305732,27,26.1,21.7,52.2
42,1321,4.71257485,17,18.6,24.0,57.5
43,1369,7.223529412,14,21.8,18.2,60.0
44,1377,2.453488372,12,20.3,24.4,55.2
45,1394,3.6375,24,30.0,19.4,50.6
46,1425,8.097560976,20,20.7,18.3,61.0
47,1436,5.603351955,5,18.4,23.5,58.1
48,1446,5.490566038,25,17.0,28.3,54.7
49,1492,1.026845638,35,21.5,25.5,53.0
50,1496,41.67096774,29,3.2,27.1,69.7
51,1510,2.571428571,16,23.2,20.8,56.0
52,1526,0.699346405,31,22.2,26.8,51.0
53,1565,3.789473684,32,21.1,21.1,57.9
54,1627,0.462857143,9,25.1,22.9,52.0
55,1635,4.298850575,10,23.0,19.5,57.5
56,1654,2.552795031,23,23.6,20.5,55.9
57,1664,3.770949721,5,22.9,20.1,57.0
58,1665,1.63803681,21,20.9,25.2,54.0
59,1678,2.324324324,36,26.4,19.6,54.1
60,1684,2.428571429,16,28.6,20.2,51.2
61,1708,11.15189873,26,21.5,15.8,62.7
62,1789,0.355263158,32,23.0,26.3,50.7
63,1800,4.102040816,37,24.5,18.4,57.1
64,1843,1.93081761,25,23.3,21.4,55.3
65,1877,5.902857143,9,22.3,18.9,58.9
66,1904,4.37037037,22,19.8,22.2,58.0
67,2145,6.85620915,31,30.7,16.3,52.9
68,2223,2,18,21.7,22.9,55.4
69,2339,9.988235294,14,17.1,21.2,61.8
70,2345,47.64444444,4,33.9,2.8,63.3
71,2348,26.70238095,16,31.0,7.7,61.3
72,2369,6.607843137,31,18.3,21.6,60.1
73,2371,3.619354839,29,18.7,25.2,56.1
74,2407,1.490066225,33,22.5,22.5,55.0
75,2436,1.437869822,15,28.4,21.9,49.7
76,2465,4.892215569,17,25.1,18.0,56.9
77,2477,0.647058824,31,25.5,22.2,52.3
78,2478,1.062111801,23,24.8,21.7,53.4
79,2487,4.636363636,8,19.9,22.2,58.0
80,2517,0.858823529,14,22.9,23.5,53.5
81,2519,6.039473684,32,19.1,21.1,59.9
82,2585,2.403726708,23,19.9,25.5,54.7
83,2589,1.943181818,8,21.6,23.3,55.1
84,2591,3.944785276,21,22.1,20.2,57.7
85,2593,0.86163522,25,22.0,27.0,50.9
86,2599,3.619354839,29,18.7,25.2,56.1
87,2607,3.941860465,12,20.9,21.5,57.6
88,2611,7.375757576,19,17.6,22.4,60.0
89,2616,7.379310345,10,17.8,22.4,59.8
90,2630,2.324324324,36,19.6,26.4,54.1
91,2636,3.438202247,6,19.7,24.2,56.2
92,2661,3.142857143,30,21.4,21.4,57.1
93,2754,5.898734177,26,21.5,19.0,59.5
94,2760,5.792682927,20,18.9,22.0,59.1
95,2791,3.384615385,28,19.2,24.4,56.4
96,2886,4.029585799,15,27.8,18.3,53.8
97,2936,4.063291139,26,18.4,25.3,56.3
98,2973,2.641618497,11,19.7,26.6,53.8
99,2975,2.6375,24,24.4,20.0,55.6
100,2981,2.714285714,30,22.7,20.8,56.5
101,3043,3.256097561,20,18.9,26.8,54.3
102,3098,3.4375,24,28.1,18.8,53.1
103,3103,0.973333333,34,23.3,22.7,54.0
104,3164,2.035714286,16,21.4,23.2,55.4
105,3179,3.271186441,7,20.3,23.2,56.5
106,3188,7.363636364,8,25.6,16.5,58.0
107,3199,12.1409396,35,15.4,20.8,63.8
108,3266,1.373493976,18,24.1,21.7,54.2
109,3281,1.61627907,12,22.7,29.1,48.3
110,3318,0.292682927,20,25.6,23.2,51.2
111,3322,1.24516129,29,25.2,21.3,53.5
112,3341,2.862068966,10,24.1,20.1,55.7
113,3372,5.294117647,14,20.6,20.6,58.8
114,3431,4.355932203,7,18.6,24.9,56.5
115,3438,7.584795322,13,21.6,18.1,60.2
116,3442,0.503355705,35,24.2,27.5,48.3
117,3462,1.024242424,19,23.0,23.0,53.9
118,3501,44.33742331,21,33.7,2.5,63.8
119,3513,6.344632768,7,23.2,18.1,58.8
120,3536,0.719745223,27,22.3,24.8,52.9
121,3540,2.590909091,8,19.9,25.6,54.5
122,3541,0.727810651,15,23.7,23.1,53.3
123,3615,4.595505618,6,24.7,18.5,56.7
124,3651,3.011560694,11,30.1,20.8,49.1
125,3669,1.075471698,25,23.3,22.6,54.1
126,3676,4.435582822,21,19.0,23.3,57.7
127,3731,1.8,14,24.1,21.2,54.7
128,3759,1.813559322,7,21.5,23.7,54.8
129,3786,2.378378378,36,30.4,22.3,47.3
130,3828,2.965317919,11,20.2,23.7,56.1
131,3839,0.12,34,26.0,25.3,48.7
132,3957,1.8,19,20.6,25.5,53.9
133,3997,0.370786517,6,24.2,23.6,52.2
134,4002,0.744444444,4,27.8,23.9,48.3
135,4025,3.619883041,13,18.7,27.5,53.8
136,4068,2.91025641,28,29.5,19.9,50.6
137,4070,6.769230769,28,21.2,18.6,60.3
138,4080,0.21686747,18,26.5,24.1,49.4
139,4099,2.16,34,30.0,22.0,48.0
140,4153,2.474285714,9,20.6,24.0,55.4
141,4220,1.205714286,9,28.6,23.4,48.0
142,4260,0.938650307,21,22.1,24.5,53.4
143,4272,2.373333333,34,20.7,23.3,56.0
144,4300,4.089820359,17,18.6,25.1,56.3
145,4417,8.345454545,19,16.4,23.6,60.0
146,4499,2.756756757,36,22.3,20.9,56.8
147,4638,1.517647059,14,22.4,22.9,54.7
148,4687,0.473684211,13,22.8,26.3,50.9
149,4705,8.74025974,30,17.5,20.8,61.7
150,4738,1.736842105,13,24.6,21.1,54.4
151,4741,61.30508475,7,13.6,7.3,79.1
152,4763,3.802259887,7,29.4,19.2,51.4
153,4767,1.899408284,15,21.3,23.7,55.0
154,4904,1.824858757,7,20.9,24.9,54.2
155,4917,13.05586592,5,16.2,20.7,63.1
156,4918,10.94318182,8,16.5,21.6,61.9
157,5009,0.842105263,32,27.6,22.4,50.0
158,5021,10.125,8,14.8,26.7,58.5
159,5031,0.689189189,36,23.6,23.0,53.4
160,5064,5.764044944,6,20.2,20.8,59.0
161,5129,4.168831169,30,18.2,25.3,56.5
162,5157,4.703225806,29,24.5,18.1,57.4
163,5194,2.329411765,14,20.6,28.8,50.6
164,5201,2.529411765,31,19.6,25.5,54.9
165,5226,15.81987578,23,21.7,13.7,64.6
166,5299,7.518987342,26,18.4,20.9,60.8
167,5302,0.602484472,23,22.4,26.1,51.6
168,5331,15.07741935,29,14.8,20.0,65.2
169,5354,1.768361582,7,27.7,20.9,51.4
170,5369,7.11299435,7,17.5,31.6,50.8
171,5407,4.298850575,10,19.5,23.0,57.5
172,5415,0.593023256,12,22.7,26.7,50.6
173,5437,1.468571429,9,24.0,21.7,54.3
174,5474,0.511904762,16,25.6,22.6,51.8
175,5532,4.136094675,15,18.3,26.0,55.6
176,5625,15.28571429,30,26.6,11.7,61.7
177,5801,5.369047619,16,17.3,27.4,55.4
178,5817,3.379310345,10,19.0,27.0,54.0
179,5828,10.09459459,36,20.3,16.9,62.8
180,5841,12.78651685,6,23.6,14.6,61.8
181,5892,1.682080925,11,27.2,20.8,52.0
182,5902,10.13207547,25,15.7,22.6,61.6
183,5942,1.08988764,6,24.7,21.9,53.4
184,5946,9.756097561,20,18.9,18.9,62.2
185,6084,4.38961039,30,20.8,20.8,58.4
186,6166,8.116564417,21,15.3,28.2,56.4
187,6178,0.865771812,35,27.5,22.1,50.3
188,6180,1.849673203,31,20.3,26.1,53.6
189,6222,4.028901734,11,23.1,19.7,57.2
190,6388,1.134228188,35,22.8,22.8,54.4
191,6391,6.439490446,27,18.5,21.7,59.9
192,6403,8.640449438,6,16.9,23.0,60.1
193,6466,5.756097561,20,17.1,29.3,53.7
194,6468,1.945945946,36,20.9,23.6,55.4
195,6478,9.422857143,9,21.7,17.1,61.1
196,6504,7.490322581,29,15.5,28.4,56.1
197,6548,0.508571429,9,25.7,26.9,47.4
198,6635,2.474285714,9,24.0,20.6,55.4
199,6650,10.68715084,5,15.6,23.5,60.9
200,6683,15.04081633,37,11.6,32.7,55.8
201,6699,2.543624161,35,22.8,20.8,56.4
202,6764,0.668639053,15,24.9,22.5,52.7
203,6773,0.66442953,35,25.5,22.1,52.3
204,6892,4.755555556,4,19.4,22.8,57.8
205,6905,6.028248588,7,24.9,17.5,57.6
206,6947,5.604938272,22,19.8,21.0,59.3
207,6949,0.497005988,17,24.0,23.4,52.7
208,7006,4.229813665,23,18.0,26.7,55.3
209,7136,1.194285714,9,21.7,27.4,50.9
210,7189,0.195266272,15,23.7,24.9,51.5
211,7255,4.2375,24,20.6,21.3,58.1
212,7270,0.421052632,32,23.7,23.7,52.6
213,7287,9.653061224,37,25.9,14.3,59.9
214,7371,11.80701754,13,22.8,15.2,62.0
215,7381,0.933701657,3,23.2,23.2,53.6
216,7450,4.729411765,14,18.8,23.5,57.6
217,7463,2.224719101,6,20.8,28.7,50.6
218,7489,1.491017964,17,21.0,25.7,53.3
219,7618,0.966101695,7,24.9,22.0,53.1
220,7646,9.91011236,6,19.1,19.1,61.8
221,7648,6.23566879,27,26.1,16.6,57.3
222,7659,0.21686747,18,24.1,24.1,51.8
223,7665,7.295857988,15,24.9,16.6,58.6
224,7725,0.150837989,5,24.0,24.6,51.4
225,7758,1.891719745,27,20.4,25.5,54.1
226,7764,4.905405405,36,17.6,25.0,57.4
227,7777,0.948051948,30,22.7,23.4,53.9
228,7787,7.915662651,18,15.7,29.5,54.8
229,7790,0.471264368,10,23.0,24.7,52.3
230,7846,2.403508772,13,19.9,26.3,53.8
231,7863,3.409090909,8,19.3,25.0,55.7
232,7948,0.231707317,20,23.8,24.4,51.8
233,7990,11.92903226,29,18.1,18.1,63.9
234,8015,3.67114094,35,22.1,20.1,57.7
235,8060,11.9039548,7,26.0,14.1,59.9
236,8074,2.656441718,21,20.2,23.9,55.8
237,8167,1.908045977,10,23.0,21.8,55.2
238,8174,12.52795031,23,13.7,24.8,61.5
239,8239,0.460122699,21,22.7,25.8,51.5
240,8263,3.754285714,9,24.0,19.4,56.6
241,8265,1,32,23.7,22.4,53.9
242,8363,46.08433735,18,35.5,2.4,62.0
243,8373,0.333333333,31,24.2,23.5,52.3
244,8377,12.66666667,34,33.3,13.3,53.3
245,8381,5.541935484,29,21.3,19.4,59.4
246,8386,7.231213873,11,16.2,27.2,56.6
247,8427,3.777070064,27,28.7,18.5,52.9
248,8487,1.457831325,18,21.7,28.3,50.0
249,8519,5.675496689,33,17.9,23.2,58.9
250,8564,2.185185185,22,20.4,28.4,51.2
251,8571,8.19047619,16,27.4,15.5,57.1
252,8624,6.988826816,5,22.9,17.9,59.2
253,8676,7.848837209,12,33.7,19.2,47.1
254,8689,0.428571429,30,23.4,24.0,52.6
255,8697,41.26900585,13,35.7,4.1,60.2
256,8709,3.034285714,9,28.0,19.4,52.6
257,8717,1.356321839,10,21.3,27.0,51.7
258,8764,1.207317073,20,21.3,26.8,51.8
259,8835,2.291925466,23,26.1,19.9,54.0
260,8862,1.407407407,22,28.4,25.9,45.7
261,8904,2.1375,24,20.0,26.9,53.1
262,8953,13.42458101,5,17.9,18.4,63.7
263,8961,9.834285714,9,16.6,22.3,61.1
264,8971,3.531073446,7,21.5,21.5,57.1
265,8973,2,20,24.4,20.7,54.9
266,9018,3.759493671,26,27.8,18.4,53.8
267,9037,4.569060773,3,19.3,23.2,57.5
268,9046,5.56097561,20,18.3,23.2,58.5
269,9060,4.263157895,13,24.6,18.7,56.7
270,9098,2.00591716,15,21.3,29.0,49.7
271,9149,1.717647059,14,28.2,21.2,50.6
272,9179,3.891891892,36,18.2,29.1,52.7
273,9225,0.191011236,6,23.6,25.3,51.1
274,9295,3.074074074,22,19.8,24.1,56.2
275,9306,2.254658385,23,19.9,26.7,53.4
276,9422,8.810810811,36,19.6,18.2,62.2
277,9444,7.974025974,30,21.4,17.5,61.0
278,9482,5.670807453,23,24.8,17.4,57.8
279,9489,1.715083799,5,21.8,23.5,54.7
280,9529,5.365714286,9,18.9,22.9,58.3
281,9569,7.408163265,37,22.4,17.0,60.5
282,9601,9.426035503,15,14.8,29.0,56.2
283,9604,0.593023256,12,23.3,23.8,52.9
284,9666,3.106666667,34,30.7,20.7,48.7
285,9704,3.48447205,23,18.6,27.3,54.0
286,9740,0.421052632,32,23.7,23.7,52.6
287,9741,9.106508876,15,18.3,20.1,61.5
288,9779,11,37,23.8,14.3,61.9
289,9817,1.63583815,11,26.0,20.8,53.2
290,9825,38.58083832,17,32.3,4.2,63.5
291,9836,3.432098765,22,19.8,23.5,56.8
292,9860,6.418918919,36,21.6,18.2,60.1
293,9928,6.293413174,17,16.8,29.3,53.9
294,9935,3.797687861,11,22.5,20.2,57.2
295,9938,1.853503185,27,20.4,27.4,52.2
296,9954,5.698795181,18,17.5,30.1,52.4
297,9977,5.959064327,13,17.0,26.9,56.1
298,9993,9.235955056,6,16.9,22.5,60.7
299,10002,0.378531073,7,24.9,23.2,52.0
300,10044,45.89655172,10,34.5,2.9,62.6
301,10050,1.361581921,7,21.5,24.9,53.7
302,10052,1.993288591,35,21.5,22.8,55.7
303,10115,0.124183007,31,26.1,24.2,49.7
304,10119,1.773480663,3,23.8,21.5,54.7
305,10167,1.373493976,18,24.1,21.7,54.2
306,10176,1.064102564,28,27.6,21.8,50.6
307,10207,2.047619048,16,26.2,20.2,53.6
308,10253,2.620915033,31,30.1,20.9,49.0
309,10307,4.928994083,15,26.0,17.8,56.2
310,10332,2.105590062,23,29.2,21.1,49.7
311,10385,9.467532468,30,14.3,29.2,56.5
312,10390,0.931034483,10,24.1,28.2,47.7
313,10409,4.12849162,5,26.8,18.4,54.7
314,10430,3.649350649,30,24.7,18.8,56.5
315,10506,0.355263158,32,23.0,25.0,52.0
316,10510,0.211764706,14,23.5,25.9,50.6
317,10521,10.51162791,12,24.4,15.1,60.5
318,10524,1.280254777,27,21.7,28.0,50.3
319,10644,8.904761905,16,22.6,16.7,60.7
320,10659,0.711111111,4,27.2,22.8,50.0
321,10697,3.12244898,37,20.4,30.6,49.0
322,10718,3.494117647,14,20.6,22.4,57.1
323,10732,8.482758621,10,20.7,18.4,60.9
324,10814,2.933774834,33,21.2,21.9,57.0
325,10822,0.428571429,16,24.4,23.2,52.4
326,10891,2.202614379,31,22.2,30.1,47.7
327,10984,2.345454545,19,20.0,27.9,52.1
328,11013,4.450980392,31,17.6,26.8,55.6
329,11060,3.6,14,25.9,18.8,55.3
330,11071,4.796407186,17,19.2,31.1,49.7
331,11130,4.044025157,25,22.0,20.1,57.9
332,11169,2.825581395,12,19.8,25.0,55.2
333,11170,3.382165605,27,31.2,24.2,44.6
334,11199,4.616766467,17,20.4,31.7,47.9
335,11291,2.805714286,9,23.4,20.6,56.0
336,11333,4.975609756,20,19.5,22.0,58.5
337,11357,0.474285714,9,23.4,24.0,52.6
338,11427,3.104651163,12,23.3,20.3,56.4
339,11428,6.39869281,31,19.0,20.9,60.1
340,11465,11.52631579,32,13.2,27.6,59.2
341,11493,1.431372549,31,25.5,20.9,53.6
342,11505,9.13253012,18,17.5,21.1,61.4
343,11529,0.215909091,8,26.1,25.6,48.3
344,11580,7.12345679,22,16.0,26.5,57.4
345,11595,3.596273292,23,19.9,23.0,57.1
346,11619,7.033149171,3,16.6,26.5,56.9
347,11622,4.114942529,10,26.4,18.4,55.2
348,11681,4.220338983,7,22.0,20.3,57.6
349,11700,13.88607595,26,34.8,13.9,51.3
350,11704,3.658959538,11,20.8,22.0,57.2
351,11715,9.178343949,27,29.9,14.6,55.4
352,11723,10.75690608,3,21.0,17.1,61.9
353,11759,3.15483871,29,19.4,24.5,56.1
354,11771,1.896103896,30,29.2,21.4,49.4
355,11803,0.785310734,7,22.6,24.3,53.1
356,11856,4.796407186,17,19.2,31.1,49.7
357,11929,0.631578947,32,22.4,25.0,52.6
358,11969,0.108433735,18,24.7,24.1,51.2
359,11991,4.58490566,25,20.8,20.8,58.5
360,12045,0.053254438,15,25.4,24.3,50.3
361,12067,9.469798658,35,14.1,28.2,57.7
362,12072,2.285714286,16,20.2,25.0,54.8
363,12126,4.368421053,13,28.1,18.1,53.8
364,12128,5.181818182,8,17.6,26.7,55.7
365,12129,4.755555556,4,22.8,19.4,57.8
366,12171,12.70909091,19,20.0,16.4,63.6
367,12234,3.108433735,18,22.9,20.5,56.6
368,12272,4.717647059,14,21.8,20.0,58.2
369,12275,2.672316384,7,20.9,23.2,55.9
370,12296,1.640883978,3,21.0,25.4,53.6
371,12350,7.447058824,14,17.1,31.8,51.2
372,12433,4.703225806,29,18.1,24.5,57.4
373,12452,1.295857988,15,25.4,21.3,53.3
374,12512,0.901098901,2,26.4,22.0,51.6
375,12538,1.280898876,6,24.2,21.9,53.9
376,12548,0.313953488,12,26.2,23.3,50.6
377,12549,0.754385965,13,27.5,22.8,49.7
378,12560,14.95209581,17,14.4,21.6,64.1
379,12574,0.566878981,27,24.2,22.9,52.9
380,12578,1.844720497,23,23.0,21.7,55.3
381,12623,0.76,34,25.3,22.0,52.7
382,12647,4.787709497,5,23.5,19.0,57.5
383,12663,1.576470588,14,24.7,21.2,54.1
384,12722,11,15,23.1,15.4,61.5
385,12726,3.454545455,8,20.5,22.7,56.8
386,12758,6.432098765,22,19.1,21.0,59.9
387,12780,3.619354839,29,25.2,18.7,56.1
388,12783,4.317919075,11,20.2,22.0,57.8
389,12866,1.82208589,21,20.9,24.5,54.6
390,12903,2.229885057,10,27.0,20.1,52.9
391,12915,6.759036145,18,16.3,27.7,56.0
392,12922,6.34591195,25,27.7,16.4,56.0
393,12952,14.64497041,15,12.4,27.2,60.4
394,12957,3.706586826,17,18.6,27.5,53.9
395,12965,4.641618497,11,27.7,17.9,54.3
396,12995,3.178343949,27,19.1,28.7,52.2
397,13006,3.273809524,16,28.0,19.0,53.0
398,13010,1.927152318,33,29.8,22.5,47.7
399,13107,70.62732919,23,0.0,46.6,53.4
400,13109,3.755813953,12,18.6,27.3,54.1
401,13144,2.651162791,12,19.8,27.9,52.3
402,13178,3.949152542,7,26.0,18.6,55.4
403,13195,4.228070175,13,23.4,19.3,57.3
404,13234,0.74025974,30,22.1,26.6,51.3
405,13250,0.857142857,30,22.1,27.3,50.6
406,13258,1.24516129,29,25.2,21.3,53.5
407,13280,1.466666667,4,23.3,22.2,54.4
408,13287,3.952380952,16,29.8,19.0,51.2
409,13290,3.451219512,20,18.9,25.6,55.5
410,13299,0.592814371,17,22.8,24.6,52.7
411,13337,0.638709677,29,27.1,22.6,50.3
412,13357,8.770700637,27,19.7,18.5,61.8
413,13376,0.409638554,18,25.3,22.9,51.8
414,13401,31.63030303,19,7.9,23.0,69.1
415,13430,3.179640719,17,28.1,19.2,52.7
416,13438,4.905882353,14,27.6,17.6,54.7
417,13443,6.586592179,5,24.6,17.3,58.1
418,13499,4.893491124,15,18.9,23.1,58.0
419,13504,4.569060773,3,23.2,19.3,57.5
420,13558,40.21590909,8,24.4,5.7,69.9
421,13574,2.220125786,25,20.1,25.2,54.7
422,13580,0.702380952,16,27.4,25.6,47.0
423,13607,1.530612245,37,22.4,22.4,55.1
424,13623,0.044444444,4,24.4,25.6,50.0
425,13697,38.36842105,32,33.6,3.3,63.2
426,13722,0.529411765,31,23.5,23.5,52.9
427,13758,4.247058824,14,28.2,18.2,53.5
428,13810,3.013422819,35,22.1,20.8,57.0
429,13811,0.2,14,23.5,25.3,51.2
430,13820,11.94047619,16,22.0,15.5,62.5
431,13825,1.417582418,2,27.5,21.4,51.1
432,13891,1.049079755,21,28.2,22.7,49.1
433,13970,10.25748503,17,29.9,14.4,55.7
434,13973,0.333333333,31,24.2,23.5,52.3
435,13999,3.125,8,19.3,27.8,52.8
436,14027,0.818181818,8,26.7,22.2,51.1
437,14068,0.552795031,23,23.0,24.2,52.8
438,14139,0.292517007,37,23.1,25.2,51.7
439,14198,2.472527473,2,23.6,20.9,55.5
440,14214,11.52287582,31,15.0,22.2,62.7
441,14240,1.719101124,6,27.0,20.8,52.2
442,14280,0.87804878,20,23.2,23.2,53.7
443,14307,0.952941176,14,27.6,25.9,46.5
444,14342,2.705521472,21,19.6,28.2,52.1
445,14347,13.01351351,36,20.9,14.9,64.2
446,14356,1.167597765,5,27.4,21.8,50.8
447,14413,10.34177215,26,13.9,28.5,57.6
448,14443,0.561797753,6,23.6,23.6,52.8
449,14449,0.801324503,33,23.2,23.2,53.6
450,14456,6.6,14,18.2,22.4,59.4
451,14563,7.052631579,32,24.3,16.4,59.2
452,14577,4.497142857,9,18.9,24.0,57.1
453,14628,2.859649123,13,19.9,24.6,55.6
454,14633,1.662162162,36,29.1,21.6,49.3
455,14664,1.146067416,6,28.1,22.5,49.4
456,14780,12.29411765,31,13.7,24.2,62.1
457,14788,34.46938776,37,4.1,30.6,65.3
458,14825,1.372881356,7,22.0,28.2,49.7
459,14852,0.952941176,14,25.9,21.8,52.4
460,14884,6.398843931,11,16.8,28.9,54.3
461,14922,3.157303371,6,24.7,19.7,55.6
462,14937,7.846153846,28,23.1,16.7,60.3
463,14949,5.857142857,16,23.8,17.9,58.3
464,14965,2.139072848,33,27.2,19.9,53.0
465,14997,0.052631579,32,25.7,24.3,50.0
466,15018,3.331360947,15,26.6,18.9,54.4
467,15045,1.437869822,15,23.7,21.9,54.4
468,15069,2.141242938,7,21.5,23.2,55.4
469,15088,4.04516129,29,20.6,21.3,58.1
470,15097,1.849162011,5,25.7,20.7,53.6
471,15151,6.387755102,37,17.7,22.4,59.9
472,15172,21.27745665,11,29.5,9.8,60.7
473,15173,1.064102564,28,28.2,22.4,49.4
474,15223,2.02994012,17,24.0,21.0,55.1
475,15263,4.767741935,29,27.1,17.4,55.5
476,15447,1.8,19,21.8,23.0,55.2
477,15463,6.877300613,21,25.2,16.6,58.3
478,15513,7.506493506,30,19.5,19.5,61.0
479,15527,10.5862069,10,22.4,16.1,61.5
480,15568,11.33333333,22,23.5,14.8,61.7
481,15592,1.844720497,23,25.5,20.5,54.0
482,15607,1.301675978,5,22.3,23.5,54.2
483,15617,1.036363636,19,24.8,21.8,53.3
484,15644,1.022857143,9,25.7,21.7,52.6
485,15647,3.61038961,30,19.5,23.4,57.1
486,15654,8.506024096,18,25.3,15.7,59.0
487,15695,3.318181818,8,21.0,22.2,56.8
488,15718,2.731843575,5,20.1,24.6,55.3
489,15777,4.880794702,33,17.2,27.8,55.0
490,15803,3.902857143,9,18.9,25.1,56.0
491,15814,3.179640719,17,19.2,25.7,55.1
492,15842,9.72,34,16.0,34.0,50.0
493,15843,3.178571429,16,20.2,23.2,56.5
494,15870,2.098265896,11,22.0,22.5,55.5
495,15878,0.195266272,15,26.0,23.7,50.3
496,15925,3.454545455,8,20.5,22.7,56.8
497,15932,42.12280702,13,32.2,3.5,64.3
498,15956,5.056179775,6,20.8,20.8,58.4
499,15969,3.134078212,5,25.1,19.6,55.3
500,16076,2.431952663,15,23.7,20.7,55.6
501,16122,0.719512195,20,22.6,24.4,53.0
502,16133,40.30909091,19,33.3,3.6,63.0
503,16141,4.570621469,7,31.1,19.8,49.2
504,16162,0.165644172,21,26.4,24.5,49.1
505,16179,1.951807229,18,20.5,25.3,54.2
506,16245,3.289017341,11,19.7,24.3,56.1
507,16249,2,8,20.5,27.3,52.3
508,16256,2.684210526,13,21.1,29.8,49.1
509,16294,7.243243243,36,24.3,16.2,59.5
510,16297,3.110429448,21,27.0,19.0,54.0
511,16299,13.13636364,8,17.6,18.8,63.6
512,16342,4.493333333,34,18.7,23.3,58.0
513,16373,1.922155689,17,26.3,20.4,53.3
514,16393,4.068965517,10,20.1,22.4,57.5
515,16467,7.11627907,12,23.3,17.4,59.3
516,16484,2.862068966,10,24.1,20.1,55.7
517,16495,2.918918919,36,23.0,20.3,56.8
518,16542,4.095238095,16,18.5,25.6,56.0
519,16579,0.183673469,37,24.5,23.8,51.7
520,16589,2.081395349,12,25.6,20.3,54.1
521,16622,1.734177215,26,21.5,23.4,55.1
522,16657,37.01351351,36,31.1,3.4,65.5
523,16678,3.658227848,26,20.9,21.5,57.6
524,16807,47.11173184,5,33.0,2.8,64.2
525,16824,1.407407407,22,25.9,21.0,53.1
526,16827,0.292517007,37,23.1,25.2,51.7
527,16850,2.658823529,14,24.7,20.0,55.3
528,16856,5.988505747,10,21.3,19.5,59.2
529,16865,0.463687151,5,24.0,23.5,52.5
530,16869,2.211428571,9,29.7,22.3,48.0
531,16884,11.83018868,25,28.3,13.2,58.5
532,16910,5.684210526,32,25.0,17.1,57.9
533,16938,1.943181818,8,26.7,20.5,52.8
534,16941,3.610778443,17,19.2,24.6,56.3
535,16961,5.544378698,15,17.2,27.8,55.0
536,16982,0.483870968,29,22.6,25.8,51.6
537,17033,2.329411765,14,20.6,24.1,55.3
538,17046,42.84,9,36.0,4.0,60.0
539,17048,6.171974522,27,22.9,17.8,59.2
540,17054,3.012738854,27,20.4,22.9,56.7
541,17070,1.397727273,8,21.6,24.4,54.0
542,17076,2.373333333,34,23.3,20.7,56.0
543,17083,3.316384181,7,19.8,29.4,50.8
544,17149,1.867052023,11,23.1,29.5,47.4
545,17154,4.631578947,32,18.4,23.7,57.9
546,17202,3.980645161,29,18.1,27.1,54.8
547,17222,0.748571429,9,22.3,25.1,52.6
548,17234,2.894117647,14,22.4,21.2,56.5
549,17240,8.23255814,12,24.4,16.3,59.3
550,17245,4.556886228,17,19.8,22.2,58.1
551,17315,1.472727273,19,21.8,23.6,54.5
552,17323,7.959537572,11,23.7,16.8,59.5
553,17348,0.966101695,7,24.9,22.0,53.1
554,17439,0.973333333,34,22.7,23.3,54.0
555,17466,7.917197452,27,18.5,20.4,61.1
556,17494,3.426229508,1,21.3,21.9,56.8
557,17514,3.6,14,18.8,25.9,55.3
558,17516,1.546583851,23,23.0,29.2,47.8
559,17625,4.263157895,32,19.1,23.0,57.9
560,17693,6.797468354,26,18.4,21.5,60.1
561,17701,12.05747126,10,16.1,21.3,62.6
562,17738,2.871345029,13,23.4,20.5,56.1
563,17784,7.107784431,17,18.0,22.2,59.9
564,17814,4.072625698,5,19.0,24.6,56.4
565,17839,1.051948052,30,22.1,24.0,53.9
566,17867,5.994152047,13,17.0,28.7,54.4
567,17922,10.89677419,29,32.3,14.2,53.5
568,17927,5.416184971,11,17.3,27.7,54.9
569,17937,0.21686747,18,24.1,24.1,51.8
570,18053,4.765432099,22,17.9,25.3,56.8
571,18056,1.180722892,18,22.9,22.9,54.2
572,18067,3.670454545,8,24.4,19.3,56.3
573,18118,3.755813953,12,18.6,27.3,54.1
574,18133,5.627906977,12,25.6,17.4,57.0
575,18154,0.460674157,6,25.3,27.0,47.8
576,18182,0.942196532,11,22.5,27.7,49.7
577,18189,0.355263158,32,25.0,27.0,48.0
578,18237,0.305389222,17,23.4,26.3,50.3
579,18239,3.993548387,29,27.7,18.1,54.2
580,18248,5.836363636,19,20.6,20.0,59.4
581,18303,11.42307692,28,13.5,26.9,59.6
582,18305,12.77272727,8,24.4,14.2,61.4
583,18318,3.754285714,9,19.4,24.0,56.6
584,18340,2.532163743,13,24.0,20.5,55.6
585,18401,0.852272727,8,25.0,22.2,52.8
586,18462,11.67777778,4,22.8,15.6,61.7
587,18489,0.801169591,13,26.9,22.2,50.9
588,18510,1.026845638,35,21.5,26.8,51.7
589,18523,2.763313609,15,19.5,26.0,54.4
590,18572,9.296296296,22,26.5,14.8,58.6
591,18587,2.68,34,28.0,19.3,52.7
592,18614,6.197740113,7,20.9,19.8,59.3
593,18637,5.136645963,23,18.6,23.0,58.4
594,18638,10.76136364,8,23.9,15.3,60.8
595,18642,1.511111111,4,25.6,21.1,53.3
596,18683,8.913580247,22,19.1,19.1,61.7
597,18888,3.476190476,16,22.0,20.8,57.1
598,18902,0.737142857,9,22.9,24.0,53.1
599,18934,1.94047619,16,22.6,22.0,55.4
600,18940,7.16,34,21.3,18.0,60.7
601,18947,3,18,24.1,19.9,56.0
602,18960,2.436241611,35,21.5,22.1,56.4
603,18975,0.2,19,23.6,24.8,51.5
604,18979,2.481481481,22,21.6,22.2,56.2
605,18980,1.719101124,6,25.8,20.8,53.4
606,18982,10.09459459,36,23.6,14.9,61.5
607,18986,4.060240964,18,19.3,23.5,57.2
608,18988,2.322033898,7,23.7,20.9,55.4
609,18993,0.75862069,10,24.7,22.4,52.9
610,19009,1.464285714,16,24.4,21.4,54.2
611,19027,0.00621118,23,24.8,24.8,50.3
612,19064,1.192090395,7,21.5,26.6,52.0
613,19116,3.069364162,11,22.0,21.4,56.6
614,19117,5.988505747,10,21.3,19.5,59.2
615,19126,5.255813953,12,27.9,17.4,54.7
616,19135,3.514619883,13,19.9,23.4,56.7
617,19150,2.965517241,10,20.7,23.0,56.3
618,19185,4.265822785,26,19.0,23.4,57.6
619,19190,4.921348315,6,18.5,24.2,57.3
620,19361,4.132075472,25,18.9,23.9,57.2
621,19420,5.858823529,14,17.1,28.8,54.1
622,19432,0.820512821,28,27.6,22.4,50.0
623,19439,6.426666667,34,24.7,16.7,58.7
624,19468,3.413793103,10,19.0,27.6,53.4
625,19475,6.345679012,22,22.8,17.9,59.3
626,19499,8.112582781,33,19.2,19.2,61.6
627,19553,1.357541899,5,27.9,21.8,50.3
628,19583,3.526315789,13,29.2,19.3,51.5
629,19647,1.377358491,25,24.5,21.4,54.1
630,19662,3.384615385,28,19.2,24.4,56.4
631,19669,11.1375,24,17.5,19.4,63.1
632,19695,4.961538462,28,17.3,26.9,55.8
633,19705,0.943181818,8,27.3,22.2,50.6
634,19708,4.516853933,6,19.1,23.6,57.3
635,19777,16.50857143,9,21.1,14.3,64.6
636,19778,9.241610738,35,15.4,23.5,61.1
637,19866,1.395209581,17,22.2,23.4,54.5
638,19880,1.491620112,5,27.4,21.2,51.4
639,19901,0.931034483,10,24.1,22.4,53.4
640,19930,2.94011976,17,23.4,20.4,56.3
641,19963,2.348314607,6,25.3,20.2,54.5
642,19966,6.816091954,10,23.0,17.8,59.2
643,19969,1.52,34,20.7,26.0,53.3
644,20020,2.263157895,13,29.8,22.2,48.0
645,20024,4.341176471,14,18.2,25.9,55.9
646,20065,17.31034483,10,11.5,27.6,60.9
647,20174,0.033333333,4,25.0,24.4,50.6
648,20182,2.656441718,21,20.2,23.9,55.8
649,20213,0.292682927,20,23.2,25.6,51.2
650,20269,5.011560694,11,25.4,17.9,56.6
651,20337,17.10778443,17,12.6,23.4,64.1
652,20339,17.2585034,37,34.0,10.9,55.1
653,20397,0.188571429,9,24.0,26.3,49.7
654,20412,0.988439306,11,26.6,27.2,46.2
655,20442,1.469798658,35,20.8,25.5,53.7
656,20443,3.582857143,9,18.9,26.3,54.9
657,20455,6.418181818,19,22.4,18.2,59.4
658,20535,6.563636364,19,32.7,18.8,48.5
659,20555,1.598870056,7,20.9,26.0,53.1
660,20566,9.730337079,6,23.0,16.3,60.7
661,20628,7.812121212,19,17.0,23.0,60.0
662,20713,0.65060241,18,24.1,22.9,53.0
663,20785,1.218181818,19,21.8,24.2,53.9
664,20842,1.6375,24,26.3,20.6,53.1
665,20914,2.481481481,22,21.6,22.2,56.2
666,20963,0.463687151,5,24.0,23.5,52.5
667,20991,0.76,34,28.0,24.7,47.3
668,20998,0.182320442,3,23.8,26.0,50.3
669,21008,36.72670807,23,32.9,4.3,62.7
670,21020,4.3375,24,20.0,21.9,58.1
671,21075,2.756756757,36,20.9,22.3,56.8
672,21079,5.152941176,14,18.2,24.1,57.6
673,21126,4.905882353,14,22.4,19.4,58.2
674,21127,6.73255814,12,20.3,19.8,59.9
675,21209,2.615384615,28,21.2,22.4,56.4
676,21320,4.120481928,18,18.7,24.7,56.6
677,21364,9.84,34,14.0,30.0,56.0
678,21398,5.302325581,12,18.6,23.3,58.1
679,21445,11,37,14.3,23.8,61.9
680,21464,0.165644172,21,24.5,26.4,49.1
681,21485,5.013422819,35,19.5,21.5,59.1
682,21560,4.868852459,1,26.2,18.0,55.7
683,21584,2.847058824,14,19.4,26.5,54.1
684,21661,6.398843931,11,16.8,28.9,54.3
685,21663,3.197674419,12,19.2,27.9,52.9
686,21672,3.477419355,29,23.9,19.4,56.8
687,21689,2.986928105,31,26.8,19.0,54.2
688,21699,2.786666667,34,25.3,19.3,55.3
689,21705,1.951807229,18,24.7,29.5,45.8
690,21718,5.033898305,7,18.6,23.7,57.6
691,21810,5.7,24,16.9,26.9,56.3
692,21812,7.836158192,7,22.6,17.5,59.9
693,21828,6.26744186,12,16.9,29.1,54.1
694,21844,0.45,24,26.9,23.1,50.0
695,21880,3.582857143,9,26.3,18.9,54.9
696,21905,4.829268293,20,26.2,17.7,56.1
697,21984,2.622641509,25,21.4,30.2,48.4
698,21990,3.853333333,34,21.3,20.7,58.0
699,22010,1.525714286,9,21.1,25.1,53.7
700,22014,0.461538462,28,23.1,26.9,50.0
701,22026,2.81595092,21,20.9,22.7,56.4
702,22078,5.165680473,15,19.5,21.9,58.6
703,22157,5.24,34,20.7,20.0,59.3
704,22244,1.93081761,25,21.4,23.3,55.3
705,22287,4.2375,24,21.3,20.6,58.1
706,22371,3.140350877,13,22.2,21.1,56.7
707,22382,2.374233129,21,30.1,22.1,47.9
708,22453,4.53164557,26,17.7,26.6,55.7
709,22466,2.422818792,35,20.1,24.2,55.7
710,22484,3.023121387,11,19.7,24.9,55.5
711,22551,3.96,34,28.0,18.0,54.0
712,22567,3.413793103,10,29.3,19.5,51.1
713,22570,0.094972067,5,25.1,24.0,50.8
714,22733,4.897142857,9,23.4,18.9,57.7
715,22841,9.036809816,21,25.2,15.3,59.5
716,22905,1.404624277,11,22.0,23.7,54.3
717,22931,1.625698324,5,22.9,22.3,54.7
718,22964,5.092105263,32,17.1,28.3,54.6
719,22965,5.407643312,27,21.0,19.7,59.2
720,23003,0.105882353,14,24.1,24.7,51.2
721,23026,4.691275168,35,17.4,28.9,53.7
722,23029,5.145251397,5,25.7,17.9,56.4
723,23061,0.767955801,3,22.7,24.3,53.0
724,23086,2.761363636,8,19.9,25.0,55.1
725,23134,0.85620915,31,28.1,24.8,47.1
726,23190,2.209580838,17,21.6,22.8,55.7
727,23227,3.290697674,12,25.6,19.2,55.2
728,23261,5.622516556,33,17.2,30.5,52.3
729,23295,0.417721519,26,25.9,22.8,51.3
730,23315,0.034883721,12,25.0,24.4,50.6
731,23366,2.852272727,8,21.0,22.7,56.3
732,23408,11.83018868,25,13.2,28.3,58.5
733,23455,2.593220339,7,20.3,24.3,55.4
734,23515,6.642384106,33,17.2,23.2,59.6
735,23533,1.768211921,33,25.2,20.5,54.3
736,23535,0.72,34,22.0,26.0,52.0
737,23537,4.413173653,17,21.6,20.4,58.1
738,23551,4.063291139,26,25.3,18.4,56.3
739,23570,8.597765363,5,24.6,16.2,59.2
740,23673,6.925925926,22,16.0,27.8,56.2
741,23748,1.219653179,11,26.6,21.4,52.0
742,23846,4.040462428,11,28.3,18.5,53.2
743,23848,1.472727273,19,21.8,28.5,49.7
744,23855,3.395348837,12,20.9,22.1,57.0
745,23870,8.153374233,21,15.3,27.6,57.1
746,23878,1.237288136,7,25.4,21.5,53.1
747,23881,6.898876404,6,18.5,21.9,59.6
748,23916,0.364864865,36,27.0,23.6,49.3
749,23961,0.754385965,13,22.8,24.0,53.2
750,24034,0.20754717,25,23.9,26.4,49.7
751,24036,3.037037037,22,21.0,22.2,56.8
752,24052,6.294797688,11,16.8,27.2,56.1
753,24141,6.633136095,15,21.3,18.9,59.8
754,24161,1.684563758,35,28.2,20.8,51.0
755,24178,7.277456647,11,31.8,17.3,50.9
756,24232,6,32,27.0,16.4,56.6
757,24267,17.17073171,20,12.8,22.6,64.6
758,24410,10.96363636,19,16.4,34.5,49.1
759,24499,5.850828729,3,18.8,22.7,58.6
760,24513,4.777777778,13,18.1,25.1,56.7
761,24525,0.814814815,22,22.2,27.2,50.6
762,24645,2.097560976,20,20.1,26.2,53.7
763,24697,39.53254438,15,33.7,4.1,62.1
764,24800,6.723756906,3,22.7,18.2,59.1
765,24818,2.964912281,13,26.9,19.3,53.8
766,24840,1.451612903,29,22.6,22.6,54.8
767,24851,1.132450331,33,22.5,23.2,54.3
768,24869,8.367231638,7,16.4,24.3,59.3
769,24909,3.012269939,21,23.3,20.2,56.4
770,24940,0.814814815,22,27.8,22.8,49.4
771,24947,3,8,24.4,19.9,55.7
772,25107,9.448275862,10,14.9,27.6,57.5
773,25109,1.163265306,37,23.1,22.4,54.4
774,25143,4.672727273,19,18.2,24.8,57.0
775,25250,2.030674847,21,20.2,25.8,54.0
776,25254,3,13,19.3,26.3,54.4
777,25308,1.022988506,10,27.0,21.8,51.1
778,25342,5.337209302,12,19.8,21.5,58.7
779,25431,1.8,24,21.3,23.8,55.0
780,25438,1.304878049,20,23.8,22.0,54.3
781,25444,6.25,32,21.7,18.4,59.9
782,25446,3.413793103,10,22.4,20.7,56.9
783,25481,2.766871166,21,20.2,29.4,50.3
784,25539,1.75739645,15,23.1,21.9,55.0
785,25542,4.206703911,5,18.4,26.3,55.3
786,25623,1.616352201,25,21.4,23.9,54.7
787,25645,1.32748538,13,27.5,26.9,45.6
788,25747,2.348314607,6,23.0,21.3,55.6
789,25799,1.632911392,26,22.2,22.8,55.1
790,25814,2.95480226,7,24.9,19.8,55.4
791,25877,16.63291139,26,19.6,14.6,65.8
792,25921,1.467836257,13,28.7,22.2,49.1
793,25941,0.482352941,14,27.1,25.3,47.6
794,25950,3.214689266,7,24.3,19.8,55.9
795,25977,11.56140351,13,16.4,21.1,62.6
796,26011,5.188235294,14,22.9,18.8,58.2
797,26016,5.103896104,30,20.1,20.8,59.1
798,26054,4.454545455,8,21.0,21.0,58.0
799,26076,2.179775281,6,20.2,27.0,52.8
800,26106,2,6,23.6,21.3,55.1
801,26133,2.224719101,6,25.8,20.2,53.9
802,26139,3.857142857,16,18.5,26.8,54.8
803,26180,10.125,8,18.2,19.9,61.9
804,26194,3.074074074,22,24.1,19.8,56.2
805,26237,4.714285714,16,17.9,28.6,53.6
806,26244,0.125827815,33,25.8,23.8,50.3
807,26262,4.954285714,9,18.3,24.6,57.1
808,26291,6.152542373,7,20.3,20.3,59.3
809,26344,2.506329114,26,19.6,25.9,54.4
810,26402,1.122905028,5,27.9,25.7,46.4
811,26466,1.384615385,28,21.2,25.0,53.8
812,26487,1.701986755,33,21.2,23.8,55.0
813,26490,5.666666667,13,19.9,21.1,59.1
814,26501,2.915662651,18,26.5,19.3,54.2
815,26504,1.13559322,7,24.3,22.0,53.7
816,26544,2.923076923,28,19.2,25.6,55.1
817,26640,6.847953216,13,28.7,16.4,55.0
818,26803,11.53846154,28,15.4,21.8,62.8
819,26815,3.74556213,15,20.7,21.9,57.4
820,26884,0.655555556,4,24.4,22.8,52.8
821,26901,4.117318436,5,21.8,20.7,57.5
822,26907,8.716049383,22,15.4,25.3,59.3
823,26980,45.88484848,19,35.8,2.4,61.8
824,27007,5.068965517,10,31.0,19.0,50.0
825,27024,1.942528736,10,28.7,21.3,50.0
826,27087,0,16,25.0,25.0,50.0
827,27092,7.367816092,10,16.1,28.2,55.7
828,27118,0.748571429,9,25.1,22.3,52.6
829,27160,42.18823529,14,34.1,3.5,62.4
830,27175,46.87570621,7,34.5,2.8,62.7
831,27216,3.598802395,17,23.4,19.8,56.9
832,27245,7.285714286,16,17.3,23.2,59.5
833,27338,9.178571429,16,14.9,28.6,56.5
834,27365,12.53142857,9,13.7,26.3,60.0
835,27410,1.423529412,14,28.2,21.8,50.0
836,27413,42.15789474,13,31.6,3.5,64.9
837,27435,3.981818182,19,20.0,22.4,57.6
838,27441,1.443037975,26,25.9,20.9,53.2
839,27453,5.523255814,12,19.2,22.1,58.7
840,27506,1.036363636,19,24.8,21.8,53.3
841,27519,0.428571429,30,22.7,26.0,51.3
842,27590,5.299319728,37,17.0,25.9,57.1
843,27594,1.248447205,23,24.2,21.7,54.0
844,27607,5.745762712,7,17.5,25.4,57.1
845,27611,0.686046512,12,22.7,24.4,52.9
846,27781,4.885057471,10,26.4,17.8,55.7
847,27787,0.622641509,25,24.5,22.6,52.8
848,27820,5.846153846,28,17.9,23.1,59.0
849,27834,0.150837989,5,24.0,24.6,51.4
850,27888,4.721212121,19,22.4,19.4,58.2
851,27920,11.62025316,26,23.4,14.6,62.0
852,27950,2,18,22.9,21.7,55.4
853,27957,0.701298701,30,27.9,24.0,48.1
854,27976,4.949685535,25,23.9,18.2,57.9
855,27990,3.6,14,18.8,25.9,55.3
856,27994,1.539325843,6,21.9,23.6,54.5
857,28000,2.355932203,7,20.3,24.9,54.8
858,28024,0.271604938,22,23.5,24.7,51.9
859,28073,1.659217877,5,24.6,21.2,54.2
860,28130,11.39306358,11,23.7,15.0,61.3
861,28182,46.00584795,13,36.3,2.9,60.8
862,28183,8.941520468,13,18.7,19.9,61.4
863,28227,1.611764706,14,21.8,23.5,54.7
864,28243,8.011764706,14,25.9,15.9,58.2
865,28259,1.72972973,36,22.3,22.3,55.4
866,28299,38.35849057,25,33.3,3.8,62.9
867,28315,9.981595092,21,14.7,31.3,54.0
868,28319,4.30994152,13,21.6,20.5,57.9
869,28323,8.976047904,17,15.0,28.7,56.3
870,28387,1.310344828,10,28.2,25.9,46.0
871,28459,3.6,4,23.3,20.0,56.7
872,28463,3.797687861,11,22.5,20.2,57.2
873,28473,2.187096774,29,20.6,29.0,50.3
874,28485,1.736842105,32,27.0,20.4,52.6
875,28596,3.931677019,23,21.7,20.5,57.8
876,28614,4.581081081,36,29.1,17.6,53.4
877,28656,0.382550336,35,25.5,26.8,47.7
878,28688,43.98224852,15,33.7,3.0,63.3
879,28738,0.546961326,3,22.7,25.4,51.9
880,28790,0.710982659,11,23.7,23.1,53.2
881,28801,1.658536585,20,25.6,20.7,53.7
882,28951,2.25,32,21.1,23.0,55.9
883,28953,1.31372549,31,21.6,24.2,54.2
884,28965,11.36464088,3,17.7,19.9,62.4
885,29027,0.933701657,3,23.2,23.2,53.6
886,29031,0.836734694,37,21.8,26.5,51.7
887,29072,1.644067797,7,20.9,27.1,52.0
888,29120,0.496932515,21,22.7,25.2,52.1
889,29123,9.509090909,19,22.4,16.4,61.2
890,29191,11.6746988,18,15.1,22.9,62.0
891,29195,10.55172414,10,23.6,15.5,60.9
892,29286,0.635294118,14,22.4,25.9,51.8
893,29321,0.622641509,25,24.5,22.6,52.8
894,29346,0.418604651,12,26.7,23.3,50.0
895,29349,2.341935484,29,28.4,20.0,51.6
896,29367,10.42331288,21,17.8,19.6,62.6
897,29424,5.023255814,12,18.0,25.0,57.0
898,29490,5.306818182,8,26.1,17.6,56.3
899,29558,4.5,12,26.7,18.0,55.2
900,29569,5.670454545,8,22.7,18.8,58.5
901,29582,10.0375,24,21.9,16.3,61.9
902,29602,1.736842105,13,28.1,21.1,50.9
903,29642,3.450331126,33,29.8,19.2,51.0
904,29650,6.952095808,17,16.2,28.1,55.7
905,29665,4.914110429,21,22.7,19.0,58.3
906,29723,4.37414966,37,19.7,21.8,58.5
907,29750,1.937142857,9,21.1,24.0,54.9
908,29776,3.891891892,36,20.9,20.9,58.1
909,29833,3.069767442,12,24.4,19.8,55.8
910,29884,3.528301887,25,20.1,22.6,57.2
911,29891,4.555555556,13,18.1,25.7,56.1
912,29893,4.975609756,20,19.5,22.0,58.5
913,29935,1.285714286,16,21.4,25.0,53.6
914,29942,0.611428571,9,27.4,23.4,49.1
915,29975,10.46938776,37,14.3,32.7,53.1
916,29986,14.72571429,9,27.4,12.6,60.0
917,29994,1.259259259,22,27.8,21.6,50.6
918,30009,2.310810811,36,29.7,20.9,49.3
919,30022,0.409090909,8,23.3,24.4,52.3
920,30039,1.251428571,9,24.6,21.7,53.7
921,30057,8.112359551,6,23.6,16.9,59.6
922,30077,1.402684564,35,28.9,22.1,49.0
923,30087,4.517241379,10,20.7,21.3,58.0
924,30105,1.488372093,12,22.7,22.7,54.7
925,30138,5.302325581,12,17.4,26.7,55.8
926,30182,15.83529412,14,15.9,37.1,47.1
927,30227,5.243243243,36,17.6,24.3,58.1
928,30246,0.86440678,7,25.4,22.0,52.5
929,30255,2.325581395,12,22.1,22.1,55.8
930,30262,2.181818182,8,25.0,20.5,54.5
931,30290,4.153846154,28,19.2,23.1,57.7
932,30291,8.526627219,15,17.8,21.3,60.9
933,30292,8.502762431,3,20.4,18.8,60.8
934,30363,37.30674847,21,32.5,4.3,63.2
935,30371,4.082802548,27,18.5,24.8,56.7
936,30469,3.110497238,3,19.3,26.5,54.1
937,30472,2.467455621,15,20.1,24.9,55.0
938,30490,0.447513812,3,23.8,23.8,52.5
939,30552,6.5,28,25.0,16.7,58.3
940,30558,3.357541899,5,23.5,20.1,56.4
941,30656,0.312883436,21,23.3,26.4,50.3
942,30660,8.748571429,9,17.1,22.3,60.6
943,30669,0.329268293,20,23.8,26.8,49.4
944,30688,11.30232558,12,19.2,18.0,62.8
945,30737,4.517241379,10,20.7,21.3,58.0
946,30791,2.298701299,30,21.4,29.9,48.7
947,30872,4.921348315,6,25.8,18.0,56.2
948,30905,15.62962963,22,16.0,18.5,65.4
949,30914,1.324675325,30,22.1,23.4,54.5
950,30940,1.491017964,17,21.0,25.7,53.3
951,30960,9.925714286,9,15.4,24.6,60.0
952,30973,4.72,34,17.3,28.0,54.7
953,30995,0.215189873,26,25.3,23.4,51.3
954,31010,1.74829932,37,21.1,23.8,55.1
955,31012,4.254237288,7,19.2,23.7,57.1
956,31037,3.982857143,9,29.1,18.9,52.0
957,31238,17.11494253,10,28.2,11.5,60.3
958,31268,2.812080537,35,22.1,30.9,47.0
959,31271,2.652694611,17,21.6,22.2,56.3
960,31280,2.758389262,35,23.5,20.1,56.4
961,31340,5.74556213,15,24.3,17.8,58.0
962,31359,4.093023256,12,19.2,23.8,57.0
963,31397,1.561403509,13,21.1,27.5,51.5
964,31488,3.348993289,35,28.9,18.8,52.3
965,31505,4.817142857,9,21.1,20.6,58.3
966,31516,3,13,27.5,19.3,53.2
967,31546,1.469798658,35,25.5,20.8,53.7
968,31565,4.409395973,35,22.1,19.5,58.4
969,31633,7.464285714,16,17.9,22.0,60.1
970,31646,2.101265823,26,21.5,22.8,55.7
971,31693,3.855555556,4,20.6,22.2,57.2
972,31718,1.773006135,21,28.8,21.5,49.7
973,31723,5.944785276,21,19.6,20.9,59.5
974,31732,3.473372781,15,29.6,19.5,50.9
975,31761,5.430232558,12,17.4,26.2,56.4
976,31771,12.57062147,7,15.8,21.5,62.7
977,31886,6.408805031,25,16.4,27.0,56.6
978,31950,7.333333333,22,25.9,16.0,58.0
979,31998,9.503225806,29,25.2,14.8,60.0
980,32012,4.1375,24,18.1,26.3,55.6
981,32028,1.884615385,28,20.5,25.0,54.5
982,32042,1.609756098,20,29.3,23.2,47.6
983,32068,2.963414634,20,22.0,21.3,56.7
984,32118,1.208092486,11,22.5,28.3,49.1
985,32146,11.02285714,9,14.3,26.9,58.9
986,32158,2.615384615,28,21.2,22.4,56.4
987,32168,0.636363636,30,27.3,22.7,50.0
988,32254,4.34939759,18,28.3,18.1,53.6
989,32284,3.013422819,35,22.1,20.8,57.0
990,32321,6.987730061,21,16.6,30.7,52.8
991,32351,3.706666667,34,19.3,23.3,57.3
992,32369,1.534883721,12,23.3,22.1,54.7
993,32423,10,4,22.2,16.7,61.1
994,32452,2.348314607,6,23.0,21.3,55.6
995,32553,0.477124183,31,22.9,26.8,50.3
996,32554,3.099447514,3,19.3,27.1,53.6
997,32585,3.816326531,37,18.4,29.3,52.4
998,32615,4.401273885,27,18.5,24.2,57.3
999,32623,0.1375,24,25.6,23.8,50.6
1000,32634,3.22754491,17,24.0,19.8,56.3
1001,32661,3.617142857,9,18.9,28.0,53.1
1002,32676,3.318181818,8,22.2,21.0,56.8
1003,32685,1.407407407,22,21.0,25.9,53.1
1004,32723,1.943181818,8,23.3,21.6,55.1
1005,32868,3.845238095,16,19.0,24.4,56.5
1006,32904,3.318181818,8,21.0,22.2,56.8
1007,32970,1.282208589,21,28.8,23.9,47.2
1008,32980,3.256097561,20,23.2,20.1,56.7
1009,32984,8.761363636,8,17.6,21.6,60.8
1010,33013,41.14285714,16,32.1,3.6,64.3
1011,33067,7.958083832,17,27.5,15.6,56.9
1012,33074,0.647058824,31,22.2,25.5,52.3
1013,33106,1.662857143,9,22.3,22.9,54.9
1014,33116,2.80952381,16,20.2,23.8,56.0
1015,33136,41.85882353,14,32.9,3.5,63.5
1016,33142,1.116883117,30,24.7,28.6,46.8
1017,33218,18.08536585,20,18.3,15.2,66.5
1018,33241,1.341176471,14,21.8,24.1,54.1
1019,33253,1.488636364,8,26.1,21.0,52.8
1020,33254,1.8,24,26.3,28.8,45.0
1021,33328,2.254658385,23,22.4,21.7,55.9
1022,33352,44.50561798,6,33.1,3.4,63.5
1023,33353,1.348993289,35,24.2,21.5,54.4
1024,33377,0.817073171,20,26.2,22.0,51.8
1025,33445,1.9,4,26.7,20.6,52.8
1026,33507,12.34117647,14,15.9,21.2,62.9
1027,33519,4.796407186,17,19.2,22.8,58.1
1028,33548,3,32,19.1,25.7,55.3
1029,33565,3.039735099,33,20.5,22.5,57.0
1030,33590,1.951807229,18,25.3,20.5,54.2
1031,33606,3.194805195,30,20.8,22.1,57.1
1032,33633,3.420382166,27,29.3,19.1,51.6
1033,33686,5.416184971,11,17.3,27.7,54.9
1034,33696,2.054054054,36,20.3,28.4,51.4
1035,33742,0.321428571,16,25.0,23.2,51.8
1036,33824,1.553672316,7,21.5,24.3,54.2
1037,33853,0.797297297,36,25.7,27.7,46.6
1038,33857,5.761363636,8,25.0,17.6,57.4
1039,33864,4.829268293,20,17.7,26.2,56.1
1040,33891,0.648484848,19,22.4,26.7,50.9
1041,33951,4.114942529,10,18.4,26.4,55.2
1042,34004,1.993288591,35,20.1,25.5,54.4
1043,34014,2.017142857,9,25.1,20.6,54.3
1044,34075,7.421768707,37,19.7,19.0,61.2
1045,34114,0.620689655,10,22.4,25.9,51.7
1046,34175,4.315789474,32,28.3,17.8,53.9
1047,34181,2.528089888,6,29.2,20.8,50.0
1048,34203,2.397435897,28,20.5,23.7,55.8
1049,34208,3.140350877,13,22.2,21.1,56.7
1050,34235,0.670588235,14,22.4,25.3,52.4
1051,34279,2.00621118,23,20.5,24.8,54.7
1052,34333,3.909090909,8,18.8,25.6,55.7
1053,34343,0.790697674,12,22.1,25.6,52.3
1054,34356,9.469879518,18,16.9,21.7,61.4
1055,34363,7.80952381,16,23.8,16.7,59.5
1056,34367,6.034090909,8,26.7,17.0,56.3
1057,34378,3.217948718,28,20.5,22.4,57.1
1058,34424,6.446540881,25,16.4,28.9,54.7
1059,34432,1.051948052,30,22.1,24.0,53.9
1060,34453,0.280898876,6,26.4,23.6,50.0
1061,34455,1.337837838,36,27.7,27.0,45.3
1062,34477,8.122222222,4,20.6,18.9,60.6
1063,34534,3.268292683,20,27.4,18.9,53.7
1064,34557,11.78980892,27,17.8,18.5,63.7
1065,34599,3,21,24.5,19.6,55.8
1066,34607,0.515923567,27,23.6,23.6,52.9
1067,34610,6.174418605,12,23.3,18.0,58.7
1068,34636,2.889502762,3,24.9,19.9,55.2
1069,34638,3.707317073,20,20.1,22.6,57.3
1070,34659,15.91764706,14,17.1,17.6,65.3
1071,34673,4.211428571,9,20.6,21.7,57.7
1072,34701,2.543624161,35,20.8,22.8,56.4
1073,34726,0.188571429,9,26.3,25.1,48.6
1074,34733,0.34502924,13,26.9,24.0,49.1
1075,34829,2.2,19,22.4,21.8,55.8
1076,34884,0.165644172,21,24.5,23.9,51.5
1077,35034,4.5,12,26.7,18.0,55.2
1078,35041,2.094117647,14,21.2,23.5,55.3
1079,35059,5.84,34,17.3,24.0,58.7
1080,35063,4.829268293,20,17.7,26.2,56.1
1081,35076,0.112582781,33,23.8,25.2,51.0
1082,35142,41.19428571,9,32.6,4.0,63.4
1083,35150,6.680981595,21,22.7,17.8,59.5
1084,35239,17.58100559,5,14.0,21.2,64.8
1085,35254,8.797619048,16,25.6,15.5,58.9
1086,35269,1.259259259,22,23.5,22.2,54.3
1087,35345,4.197278912,37,27.2,17.7,55.1
1088,35408,39.78106509,15,34.3,4.1,61.5
1089,35412,2.777777778,13,19.9,28.7,51.5
1090,35419,3.069364162,11,21.4,22.0,56.6
1091,35429,2.079754601,21,20.9,28.8,50.3
1092,35437,6.01734104,11,23.7,17.9,58.4
1093,35500,1.047337278,15,28.4,23.7,47.9
1094,35560,3.943181818,8,20.5,22.2,57.4
1095,35589,2.094117647,14,21.2,23.5,55.3
1096,35605,2.943820225,6,19.7,25.3,55.1
1097,35634,0.670588235,14,23.5,27.6,48.8
1098,35643,1.937142857,9,21.1,28.6,50.3
1099,35653,5.764044944,6,25.8,17.4,56.7
1100,35654,1.894736842,32,21.1,23.7,55.3
1101,35714,12.07058824,14,15.3,22.4,62.4
1102,35716,9.682080925,11,24.3,15.6,60.1
1103,35726,7.011299435,7,16.4,27.7,55.9
1104,35744,1.089171975,27,24.8,21.7,53.5
1105,35812,0.256756757,36,23.6,24.3,52.0
1106,35848,41.72189349,15,33.7,3.6,62.7
1107,35931,7.772727273,8,21.6,18.2,60.2
1108,35962,42.22727273,8,34.7,4.0,61.4
1109,35981,3.666666667,22,19.1,29.6,51.2
1110,35996,4.607142857,16,17.9,28.0,54.2
1111,36006,1.566037736,25,20.8,25.8,53.5
1112,36026,3.045454545,8,19.3,27.3,53.4
1113,36036,0.363057325,27,25.5,22.9,51.6
1114,36050,21.6744186,12,14.0,18.6,67.4
1115,36116,0.509433962,25,22.6,26.4,50.9
1116,36122,4.885057471,10,17.8,26.4,55.7
1117,36173,2.670731707,20,30.5,23.8,45.7
1118,36210,0.272727273,8,24.4,26.7,48.9
1119,36219,3.980645161,29,18.1,27.1,54.8
1120,36232,2.183431953,15,26.0,20.1,53.8
1121,36258,10.03448276,10,24.1,15.5,60.3
1122,36266,14.45098039,31,17.6,17.0,65.4
1123,36284,1.482758621,10,22.4,23.0,54.6
1124,36299,7.183908046,10,32.2,17.8,50.0
1125,36313,5.896551724,10,25.9,17.2,56.9
1126,36328,5.537142857,9,20.0,21.1,58.9
1127,36411,3.544217687,37,29.9,19.0,51.0
1128,36419,0.437908497,31,22.9,24.8,52.3
1129,36440,16.27272727,8,11.9,27.8,60.2
1130,36459,0.457627119,7,23.7,23.7,52.5
1131,36463,11.36585366,20,14.6,32.9,52.4
1132,36469,2.157894737,32,20.4,24.3,55.3
1133,36491,0.884393064,11,27.7,25.4,46.8
1134,36546,39.86549708,13,32.2,4.1,63.7
1135,36563,1.82208589,21,24.5,20.9,54.6
1136,36603,4.755555556,4,19.4,22.8,57.8
1137,36608,0.823129252,37,23.1,23.1,53.7
1138,36638,6.550295858,15,16.6,26.6,56.8
1139,36640,0.842424242,19,22.4,24.2,53.3
1140,36660,19.07865169,6,15.7,18.0,66.3
1141,36712,3.513157895,32,19.7,23.0,57.2
1142,36727,0.279069767,12,25.6,23.3,51.2
1143,36729,4.265306122,37,20.4,21.1,58.5
1144,36778,2.955307263,5,21.8,21.8,56.4
1145,36782,14.59090909,8,25.6,13.1,61.4
1146,36783,3.295081967,1,24.6,19.7,55.7
1147,36787,6.479768786,11,21.4,19.1,59.5
1148,36878,22.74842767,25,8.8,32.7,58.5
1149,36882,3.706666667,34,19.3,23.3,57.3
1150,36906,3.197368421,32,19.1,28.9,52.0
1151,36917,7.314465409,25,15.7,27.7,56.6
1152,36925,7.308724832,35,27.5,15.4,57.0
1153,36991,10.97687861,11,20.2,17.3,62.4
1154,36993,7.203592814,17,26.3,16.2,57.5
1155,37010,2.141242938,7,21.5,23.2,55.4
1156,37011,4.558139535,12,20.9,20.9,58.1
1157,37012,0.905405405,36,28.4,23.6,48.0
1158,37056,3.573248408,27,18.5,27.4,54.1
1159,37079,42.0931677,23,35.4,3.1,61.5
1160,37104,2.197530864,22,21.0,23.5,55.6
1161,37121,2.119496855,25,20.1,27.7,52.2
1162,37179,2.397435897,28,30.1,21.8,48.1
1163,37184,2.220338983,7,28.8,20.9,50.3
1164,37202,3.409090909,8,19.3,25.0,55.7
1165,37211,1.490797546,21,20.9,26.4,52.8
1166,37256,3.887573964,15,20.1,22.5,57.4
1167,37257,1.078212291,5,21.8,25.1,53.1
1168,37276,0.112426036,15,26.0,24.3,49.7
1169,37348,0,32,25.0,25.0,50.0
1170,37368,2.703296703,2,22.5,21.4,56.0
1171,37391,0.803278689,1,27.9,24.0,48.1
1172,37522,0.105882353,14,24.1,25.9,50.0
1173,37584,2.431952663,15,23.7,20.7,55.6
1174,37747,0.766081871,13,25.1,22.2,52.6
1175,37751,23.08092486,11,28.9,9.2,61.8
1176,37808,4.34939759,18,31.9,21.7,46.4
1177,37835,3.706666667,34,19.3,23.3,57.3
1178,37837,1.25,24,28.1,21.9,50.0
1179,37842,3.880503145,25,27.0,18.2,54.7
1180,37857,0.264516129,29,25.8,23.2,51.0
1181,37873,0.905325444,15,21.9,25.4,52.7
1182,37934,6.642384106,33,23.2,17.2,59.6
1183,37953,17.07185629,17,22.2,13.2,64.7
1184,37978,3.797752809,6,21.3,21.3,57.3
1185,38005,1.916129032,29,24.5,20.6,54.8
1186,38050,5.90797546,21,17.2,25.2,57.7
1187,38059,1.502923977,13,21.6,24.0,54.4
1188,38062,0.803680982,21,22.1,25.2,52.8
1189,38081,5.908045977,10,23.0,18.4,58.6
1190,38085,5.6375,24,27.5,16.9,55.6
1191,38130,10.76829268,20,18.3,18.9,62.8
1192,38147,0.482352941,14,24.7,22.9,52.4
1193,38252,2.060402685,35,28.9,26.8,44.3
1194,38263,0.432432432,36,23.6,23.6,52.7
1195,38288,3.765100671,35,18.1,27.5,54.4
1196,38307,7.210526316,32,21.7,17.8,60.5
1197,38316,9.714285714,16,17.9,20.2,61.9
1198,38333,1.862068966,10,20.7,25.3,54.0
1199,38457,0.141025641,28,26.3,24.4,49.4
1200,38491,0.052023121,11,25.4,25.4,49.1
1201,38537,3.931677019,23,21.7,20.5,57.8
1202,38557,2.226190476,16,23.8,20.8,55.4
1203,38572,40.74698795,18,33.7,3.6,62.7
1204,38590,3.730769231,28,23.7,19.2,57.1
1205,38604,15.01282051,28,23.7,12.8,63.5
1206,38713,4.779069767,12,18.0,29.1,52.9
1207,38740,9.3375,24,15.6,32.5,51.9
1208,38769,2.13253012,18,28.3,20.5,51.2
1209,38775,1.523489933,35,22.1,22.8,55.0
1210,38793,11.05063291,26,24.1,14.6,61.4
1211,38799,16.42696629,6,18.0,16.9,65.2
1212,38821,1.986486486,36,25.0,20.3,54.7
1213,38822,5.696202532,26,29.7,17.1,53.2
1214,38826,8.578947368,13,17.5,21.6,60.8
1215,38845,3.624277457,11,28.9,19.1,52.0
1216,38872,0.620689655,10,23.0,24.1,52.9
1217,38875,9.370786517,6,24.7,15.7,59.6
1218,38876,0.763975155,23,23.6,23.0,53.4
1219,38911,40.32911392,26,33.5,3.2,63.3
1220,38913,11.72368421,32,14.5,23.0,62.5
1221,38919,1.051948052,30,21.4,26.0,52.6
1222,38978,3.335260116,11,19.1,26.0,54.9
1223,38996,1.113207547,25,21.4,26.4,52.2
1224,38998,4.717647059,14,20.0,21.8,58.2
1225,39018,6.627329193,23,16.8,24.8,58.4
1226,39105,0.318435754,5,26.8,24.6,48.6
1227,39125,2.220125786,25,20.1,25.2,54.7
1228,39154,10.49438202,6,14.6,27.0,58.4
1229,39219,1.023952096,17,23.4,22.8,53.9
1230,39236,2.174418605,12,23.8,20.9,55.2
1231,39302,4.456647399,11,18.5,24.9,56.6
1232,39325,0.952941176,14,21.8,25.9,52.4
1233,39339,3.104651163,12,23.3,20.3,56.4
1234,39347,3.573248408,27,18.5,27.4,54.1
1235,39401,1.265895954,11,25.4,21.4,53.2
1236,39460,4.19047619,16,19.0,23.8,57.1
1237,39484,8.098265896,11,33.5,18.5,48.0
1238,39548,1.390804598,10,21.3,25.3,53.4
1239,39575,0.835443038,26,22.2,24.7,53.2
1240,39689,6.793939394,19,18.8,21.2,60.0
1241,39698,7.067567568,36,28.4,15.5,56.1
1242,39707,2,18,22.9,21.7,55.4
1243,39740,4.376623377,30,23.4,18.8,57.8
1244,39771,0.068322981,23,24.8,24.2,50.9
1245,39777,7.559006211,23,22.4,17.4,60.2
1246,39789,4.961783439,27,22.3,19.1,58.6
1247,39812,5.012121212,19,18.8,23.0,58.2
1248,39849,3.625698324,5,30.2,20.1,49.7
1249,39924,2.825581395,12,19.8,28.5,51.7
1250,40014,0.923076923,28,26.9,21.8,51.3
1251,40016,1.302631579,32,21.1,25.7,53.3
1252,40054,0.763975155,23,23.6,23.0,53.4
1253,40063,0.977142857,9,22.9,23.4,53.7
1254,40097,4.796610169,7,20.3,21.5,58.2
1255,40114,2.453488372,12,24.4,20.3,55.2
1256,40120,1.688888889,4,28.9,22.2,48.9
1257,40148,11.52631579,13,26.3,14.0,59.6
1258,40173,2.602649007,33,20.5,23.2,56.3
1259,40205,5.815286624,27,24.8,17.2,58.0
1260,40222,39.3483871,29,31.0,3.2,65.8
1261,40240,0.103448276,10,25.9,24.1,50.0
1262,40259,1.574712644,10,21.8,23.6,54.6
1263,40296,5.666666667,31,25.5,17.0,57.5
1264,40399,1.397727273,8,28.4,25.6,46.0
1265,40424,1.609756098,20,29.3,23.2,47.6
1266,40427,1.324675325,30,23.4,22.1,54.5
1267,40482,1.579881657,15,22.5,29.0,48.5
1268,40497,0.473684211,13,22.8,26.3,50.9
1269,40547,4.677852349,35,18.8,22.8,58.4
1270,40606,4,8,19.3,23.9,56.8
1271,40610,2.506329114,26,19.6,25.9,54.4
1272,40649,0.607142857,16,26.8,22.6,50.6
1273,40653,4.081761006,25,18.2,25.8,56.0
1274,40655,2.987654321,22,19.1,26.5,54.3
1275,40662,45.76571429,9,32.6,2.9,64.6
1276,40663,1.272108844,37,23.8,21.8,54.4
1277,40697,0.409638554,18,25.3,22.9,51.8
1278,40771,2.725490196,31,19.6,24.8,55.6
1279,40778,1.945454545,19,23.6,21.2,55.2
1280,40821,0.226190476,16,25.6,26.2,48.2
1281,40912,3.883435583,21,18.4,28.2,53.4
1282,40934,0,20,25.0,25.0,50.0
1283,40939,2.597701149,10,20.1,24.7,55.2
1284,40945,3.706666667,34,19.3,23.3,57.3
1285,40961,8.817073171,20,18.9,19.5,61.6
1286,41004,7.552941176,14,27.6,15.9,56.5
1287,41022,1.390804598,10,21.8,28.2,50.0
1288,41086,3.283783784,36,20.9,21.6,57.4
1289,41168,9.380368098,21,19.6,18.4,62.0
1290,41201,1.736842105,32,21.7,23.0,55.3
1291,41225,4.056179775,6,30.3,19.7,50.0
1292,41238,9.842105263,13,18.7,19.3,62.0
1293,41250,2.892857143,16,19.6,25.0,55.4
1294,41274,6.25974026,30,24.7,16.9,58.4
1295,41355,2.157894737,13,21.6,22.8,55.6
1296,41370,3.123595506,6,23.6,20.2,56.2
1297,41377,12.58108108,36,20.3,15.5,64.2
1298,41441,9.072727273,19,21.8,17.0,61.2
1299,41457,5.988505747,10,21.3,19.5,59.2
1300,41461,2.656804734,15,22.5,21.3,56.2
1301,41544,39.84146341,20,32.3,3.7,64.0
1302,41555,3.412121212,19,26.7,18.8,54.5
1303,41586,46.14285714,9,34.3,2.9,62.9
1304,41592,10.70860927,33,23.8,14.6,61.6
1305,41646,0.869822485,15,21.9,26.0,52.1
1306,41651,8.141242938,7,15.8,29.4,54.8
1307,41686,0.766081871,13,22.2,25.1,52.6
1308,41742,2.573170732,20,20.1,24.4,55.5
1309,41749,3.265822785,26,22.8,20.3,57.0
1310,41751,6,12,20.9,19.8,59.3
1311,41797,9.9,24,15.6,23.1,61.3
1312,41813,3.185185185,22,20.4,22.8,56.8
1313,41939,6.769230769,28,21.2,18.6,60.3
1314,41962,6.48603352,5,17.9,23.5,58.7
1315,41971,4.792207792,30,18.2,24.0,57.8
1316,42091,41.85882353,14,32.9,3.5,63.5
1317,42098,3.357541899,5,20.1,23.5,56.4
1318,42137,37.05263158,32,35.5,3.9,60.5
1319,42204,3.951219512,20,26.8,18.3,54.9
1320,42246,2.544303797,26,22.2,21.5,56.3
1321,42253,1.894736842,32,21.1,23.7,55.3
1322,42333,7.2,24,17.5,22.5,60.0
1323,42365,6.363128492,5,17.3,30.2,52.5
1324,42368,8.195530726,5,33.0,17.9,49.2
1325,42376,9.852272727,8,14.8,27.8,57.4
1326,42383,6.151898734,26,18.4,22.2,59.5
1327,42519,5.895705521,21,20.2,20.2,59.5
1328,42526,1.404624277,11,28.3,22.0,49.7
1329,42548,5.125,8,17.6,27.3,55.1
1330,42611,2.681818182,8,23.9,20.5,55.7
1331,42671,3.836363636,19,20.6,21.8,57.6
1332,42682,9.729281768,3,23.8,16.0,60.2
1333,42819,2.348571429,9,20.0,26.3,53.7
1334,42843,5.731428571,9,23.4,18.3,58.3
1335,42863,2.380952381,16,22.0,22.0,56.0
1336,42932,1.633333333,4,25.0,21.1,53.9
1337,42954,1.617449664,35,24.8,20.8,54.4
1338,42965,9.745341615,23,22.4,16.1,61.5
1339,42992,1.072727273,19,22.4,23.6,53.9
1340,43025,1.027027027,36,22.3,23.6,54.1
1341,43035,2.072847682,33,21.9,29.8,48.3
1342,43114,1.388235294,14,27.1,21.2,51.8
1343,43120,1.662162162,36,29.1,21.6,49.3
1344,43133,1.192090395,7,21.5,26.6,52.0
1345,43147,4.426829268,20,22.6,19.5,57.9
1346,43275,4.917647059,14,31.8,20.0,48.2
1347,43297,4.355555556,4,21.1,21.1,57.8
1348,43310,1.244186047,12,22.1,23.8,54.1
1349,43325,2.590909091,8,19.9,25.6,54.5
1350,43339,3.402597403,30,18.8,25.3,55.8
1351,43393,8.204819277,18,25.9,15.7,58.4
1352,43442,2.082352941,14,28.2,20.6,51.2
1353,43468,14.89285714,16,26.2,12.5,61.3
1354,43519,4.303867403,3,19.9,22.7,57.5
1355,43537,4.690607735,3,21.5,20.4,58.0
1356,43556,52.32934132,17,41.9,3.0,55.1
1357,43602,10.37430168,5,19.6,18.4,62.0
1358,43606,0.923076923,28,26.9,26.9,46.2
1359,43633,1.898734177,26,20.3,26.6,53.2
1360,43646,0.640449438,6,22.5,25.3,52.2
1361,43655,3.32183908,10,21.3,21.8,56.9
1362,43660,7.107784431,17,22.2,18.0,59.9
1363,43687,12.73006135,21,19.6,16.6,63.8
1364,43716,0.551282051,28,22.4,25.6,51.9
1365,43736,3.280701754,13,20.5,22.8,56.7
1366,43767,7.282208589,21,22.1,17.8,60.1
1367,43779,0.463687151,5,24.0,23.5,52.5
1368,43791,0.152542373,7,23.7,25.4,50.8
1369,43796,4.786163522,25,19.5,22.0,58.5
1370,43830,3.689655172,10,28.7,19.0,52.3
1371,43874,4.643312102,27,29.3,17.8,52.9
1372,43900,0.801169591,13,26.9,22.2,50.9
1373,43921,6.408284024,15,27.8,16.6,55.6
1374,43982,3.174496644,35,22.8,20.1,57.0
1375,44052,3.134228188,35,26.2,18.8,55.0
1376,44056,4.39869281,31,30.1,18.3,51.6
1377,44057,6.723756906,3,18.2,22.7,59.1
1378,44064,1.127388535,27,22.3,23.6,54.1
1379,44084,7.217948718,28,16.0,25.6,58.3
1380,44219,13.06779661,7,15.3,22.0,62.7
1381,44272,1.795321637,13,21.6,23.4,55.0
1382,44321,2.959459459,36,18.9,26.4,54.7
1383,44329,0.86163522,25,22.0,27.0,50.9
1384,44423,0.88,34,27.3,22.0,50.7
1385,44448,3.730769231,28,19.2,23.7,57.1
1386,44471,4.595505618,6,18.5,24.7,56.7
1387,44492,6.972972973,36,18.9,20.3,60.8
1388,44509,2.640718563,17,28.1,19.8,52.1
1389,44516,1.670454545,8,29.0,25.0,46.0
1390,44528,6.463087248,35,20.1,19.5,60.4
1391,44579,2.382716049,22,26.5,19.8,53.7
1392,44600,7.729411765,14,18.8,20.6,60.6
1393,44648,1.797385621,31,20.9,24.2,54.9
1394,44679,4.042944785,21,28.8,18.4,52.8
1395,44741,7.282208589,21,22.1,17.8,60.1
1396,44760,1.979591837,37,22.4,21.8,55.8
1397,44765,1.49689441,23,24.8,21.1,54.0
1398,44816,38.35849057,25,33.3,3.8,62.9
1399,44863,3.847457627,7,18.6,26.6,54.8
1400,44931,5.230769231,28,19.2,21.8,59.0
1401,45056,43.44571429,9,32.6,3.4,64.0
1402,45057,3.0375,24,25.0,19.4,55.6
1403,45086,1.849162011,5,20.7,25.7,53.6
1404,45094,1.5,20,24.4,21.3,54.3
1405,45175,37.01234568,22,32.7,4.3,63.0
1406,45176,5.125,8,17.6,27.3,55.1
1407,45201,3.359281437,17,22.8,20.4,56.9
1408,45219,5.711864407,7,22.0,19.2,58.8
1409,45310,3.195402299,10,23.6,20.1,56.3
1410,45315,6.303370787,6,16.9,27.5,55.6
1411,45333,2.375722543,11,20.8,23.7,55.5
1412,45347,12.05882353,14,23.5,14.7,61.8
1413,45348,0.727810651,15,23.1,23.7,53.3
1414,45356,88.64705882,31,10.5,2.0,87.6
1415,45362,5.013605442,37,21.1,19.7,59.2
1416,45375,0.6375,24,23.1,27.5,49.4
1417,45383,0.814569536,33,21.9,26.5,51.7
1418,45528,5.091428571,9,19.4,22.3,58.3
1419,45532,0.86440678,7,22.0,26.6,51.4
1420,45542,2.615384615,28,22.4,21.2,56.4
1421,45557,1.218181818,19,24.2,21.8,53.9
1422,45603,26.58169935,31,12.4,17.0,70.6
1423,45654,4.813333333,34,17.3,28.7,54.0
1424,45702,1.011428571,9,26.3,21.7,52.0
1425,45745,2.031446541,25,20.1,27.0,52.8
1426,45753,3.186335404,23,19.9,23.6,56.5
1427,45812,4.114942529,10,26.4,18.4,55.2
