MARKER,SD,MISSING
M56,1.372881356,5
M58,5.037267081,18
M71,2.1375,19
M205,2.098265896,8
M232,2.920529801,27
M248,5.083832335,12
M354,0.668639053,10
M356,0.707602339,9
M368,8.016949153,6
M405,0.653846154,23
M407,11.47741935,27
M437,0.904761905,13
M471,2.805714286,7
M494,2.157894737,13
M539,4.4,3
M551,6.898876404,5
M552,0.965116279,8
M630,3.6,19
M661,0.337278107,11
M679,8.844155844,26
M684,1.068571429,6
M696,5.337209302,9
M741,6.972972973,31
M792,0.842424242,16
M822,10.62921348,5
M929,6.628742515,15
M948,0.136363636,6
M949,0.683544304,24
M965,1.01183432,10
M968,9.646706587,16
M977,2.852272727,7
M991,2.222222222,3
M1055,1.036144578,12
M1091,1.013513514,31
M1099,7.727272727,17
M1122,4.454545455,6
M1130,2.236363636,14
M1178,0.72,28
M1227,8.367231638,4
M1298,0.936305732,20
M1321,4.71257485,11
M1369,7.223529412,13
M1377,2.453488372,7
M1394,3.6375,19
M1425,8.097560976,16
M1436,5.603351955,5
M1446,5.490566038,22
M1492,1.026845638,31
M1510,2.571428571,14
M1526,0.699346405,27
M1565,3.789473684,29
M1627,0.462857143,6
M1635,4.298850575,8
M1654,2.552795031,20
M1664,3.770949721,4
M1665,1.63803681,19
M1678,2.324324324,33
M1684,2.428571429,13
M1708,11.15189873,22
M1789,0.355263158,26
M1800,4.102040816,32
M1843,1.93081761,21
M1877,5.902857143,9
M1904,4.37037037,19
M2145,6.85620915,23
M2223,2,13
M2339,9.988235294,9
M2369,6.607843137,25
M2371,3.619354839,25
M2407,1.490066225,28
M2436,1.437869822,14
M2465,4.892215569,12
M2477,0.647058824,27
M2478,1.062111801,19
M2487,4.636363636,7
M2517,0.858823529,12
M2519,6.039473684,30
M2585,2.403726708,19
M2589,1.943181818,7
M2591,3.944785276,17
M2593,0.86163522,22
M2599,3.619354839,25
M2607,3.941860465,8
M2611,7.375757576,17
M2616,7.379310345,9
M2630,2.324324324,33
M2636,3.438202247,5
M2661,3.142857143,24
M2754,5.898734177,21
M2760,5.792682927,14
M2791,3.384615385,23
M2886,4.029585799,13
M2936,4.063291139,21
M2973,2.641618497,10
M2975,2.6375,18
M2981,2.714285714,25
M3043,3.256097561,18
M3098,3.4375,20
M3103,0.973333333,29
M3164,2.035714286,12
M3179,3.271186441,6
M3188,7.363636364,6
M3199,12.1409396,30
M3266,1.373493976,13
M3281,1.61627907,10
M3318,0.292682927,15
M3322,1.24516129,24
M3341,2.862068966,8
M3372,5.294117647,12
M3431,4.355932203,7
M3438,7.584795322,11
M3442,0.503355705,31
M3462,1.024242424,17
M3513,6.344632768,7
M3536,0.719745223,24
M3540,2.590909091,7
M3541,0.727810651,13
M3615,4.595505618,6
M3651,3.011560694,9
M3669,1.075471698,23
M3676,4.435582822,16
M3731,1.8,13
M3759,1.813559322,5
M3786,2.378378378,30
M3828,2.965317919,8
M3839,0.12,27
M3957,1.8,14
M3997,0.370786517,4
M4002,0.744444444,3
M4025,3.619883041,9
M4068,2.91025641,24
M4070,6.769230769,24
M4080,0.21686747,13
M4099,2.16,31
M4153,2.474285714,8
M4220,1.205714286,6
M4260,0.938650307,18
M4272,2.373333333,29
M4300,4.089820359,13
M4417,8.345454545,14
M4499,2.756756757,30
M4638,1.517647059,12
M4687,0.473684211,10
M4705,8.74025974,25
M4738,1.736842105,11
M4763,3.802259887,6
M4767,1.899408284,12
M4904,1.824858757,5
M4917,13.05586592,5
M4918,10.94318182,6
M5009,0.842105263,28
M5021,10.125,8
M5031,0.689189189,31
M5064,5.764044944,5
M5129,4.168831169,27
M5157,4.703225806,24
M5194,2.329411765,10
M5201,2.529411765,26
M5299,7.518987342,22
M5302,0.602484472,18
M5354,1.768361582,6
M5369,7.11299435,5
M5407,4.298850575,8
M5415,0.593023256,8
M5437,1.468571429,9
M5474,0.511904762,11
M5532,4.136094675,10
M5801,5.369047619,13
M5817,3.379310345,7
M5828,10.09459459,30
M5841,12.78651685,3
M5892,1.682080925,9
M5902,10.13207547,19
M5942,1.08988764,5
M5946,9.756097561,15
M6084,4.38961039,23
M6166,8.116564417,15
M6178,0.865771812,30
M6180,1.849673203,25
M6222,4.028901734,8
M6388,1.134228188,31
M6391,6.439490446,24
M6403,8.640449438,5
M6466,5.756097561,17
M6468,1.945945946,32
M6478,9.422857143,8
M6504,7.490322581,22
M6548,0.508571429,7
M6635,2.474285714,9
M6650,10.68715084,5
M6699,2.543624161,31
M6764,0.668639053,11
M6773,0.66442953,28
M6892,4.755555556,3
M6905,6.028248588,7
M6947,5.604938272,18
M6949,0.497005988,15
M7006,4.229813665,18
M7136,1.194285714,7
M7189,0.195266272,12
M7255,4.2375,21
M7270,0.421052632,27
M7287,9.653061224,31
M7371,11.80701754,10
M7381,0.933701657,2
M7450,4.729411765,11
M7463,2.224719101,6
M7489,1.491017964,13
M7618,0.966101695,5
M7646,9.91011236,6
M7648,6.23566879,23
M7659,0.21686747,15
M7665,7.295857988,13
M7725,0.150837989,5
M7758,1.891719745,26
M7764,4.905405405,30
M7777,0.948051948,25
M7787,7.915662651,15
M7790,0.471264368,9
M7846,2.403508772,9
M7863,3.409090909,7
M7948,0.231707317,17
M7990,11.92903226,27
M8015,3.67114094,32
M8060,11.9039548,5
M8074,2.656441718,17
M8167,1.908045977,7
M8174,12.52795031,21
M8239,0.460122699,18
M8263,3.754285714,7
M8265,1,26
M8373,0.333333333,28
M8377,12.66666667,29
M8381,5.541935484,23
M8386,7.231213873,9
M8427,3.777070064,25
M8487,1.457831325,16
M8519,5.675496689,29
M8564,2.185185185,17
M8571,8.19047619,12
M8624,6.988826816,4
M8676,7.848837209,11
M8689,0.428571429,24
M8709,3.034285714,9
M8717,1.356321839,7
M8764,1.207317073,18
M8835,2.291925466,22
M8862,1.407407407,18
M8904,2.1375,19
M8953,13.42458101,3
M8961,9.834285714,7
M8971,3.531073446,7
M8973,2,15
M9018,3.759493671,25
M9037,4.569060773,3
M9046,5.56097561,17
M9060,4.263157895,10
M9098,2.00591716,11
M9149,1.717647059,10
M9179,3.891891892,30
M9225,0.191011236,5
M9295,3.074074074,18
M9306,2.254658385,19
M9422,8.810810811,32
M9444,7.974025974,25
M9482,5.670807453,20
M9489,1.715083799,4
M9529,5.365714286,9
M9569,7.408163265,32
M9601,9.426035503,11
M9604,0.593023256,10
M9666,3.106666667,29
M9704,3.48447205,20
M9740,0.421052632,27
M9741,9.106508876,13
M9779,11,33
M9817,1.63583815,8
M9836,3.432098765,16
M9860,6.418918919,31
M9928,6.293413174,13
M9935,3.797687861,10
M9938,1.853503185,21
M9954,5.698795181,15
M9977,5.959064327,10
M9993,9.235955056,6
M10002,0.378531073,7
M10050,1.361581921,6
M10052,1.993288591,30
M10115,0.124183007,26
M10119,1.773480663,3
M10167,1.373493976,15
M10176,1.064102564,23
M10207,2.047619048,11
M10253,2.620915033,26
M10307,4.928994083,13
M10332,2.105590062,19
M10385,9.467532468,24
M10390,0.931034483,7
M10409,4.12849162,5
M10430,3.649350649,26
M10506,0.355263158,27
M10510,0.211764706,13
M10521,10.51162791,11
M10524,1.280254777,23
M10644,8.904761905,14
M10659,0.711111111,3
M10697,3.12244898,31
M10718,3.494117647,11
M10732,8.482758621,7
M10814,2.933774834,26
M10822,0.428571429,13
M10891,2.202614379,24
M10984,2.345454545,17
M11013,4.450980392,26
M11060,3.6,12
M11071,4.796407186,15
M11130,4.044025157,23
M11169,2.825581395,11
M11170,3.382165605,24
M11199,4.616766467,14
M11291,2.805714286,5
M11333,4.975609756,17
M11357,0.474285714,8
M11427,3.104651163,10
M11428,6.39869281,25
M11465,11.52631579,29
M11493,1.431372549,27
M11505,9.13253012,14
M11529,0.215909091,7
M11580,7.12345679,16
M11595,3.596273292,19
M11619,7.033149171,2
M11622,4.114942529,9
M11681,4.220338983,5
M11704,3.658959538,11
M11715,9.178343949,22
M11723,10.75690608,2
M11759,3.15483871,24
M11771,1.896103896,27
M11803,0.785310734,6
M11856,4.796407186,15
M11929,0.631578947,27
M11969,0.108433735,15
M11991,4.58490566,21
M12045,0.053254438,13
M12067,9.469798658,30
M12072,2.285714286,13
M12126,4.368421053,10
M12128,5.181818182,7
M12129,4.755555556,4
M12171,12.70909091,15
M12234,3.108433735,15
M12272,4.717647059,10
M12275,2.672316384,3
M12296,1.640883978,2
M12350,7.447058824,10
M12433,4.703225806,27
M12452,1.295857988,14
M12512,0.901098901,1
M12538,1.280898876,5
M12548,0.313953488,9
M12549,0.754385965,10
M12574,0.566878981,23
M12578,1.844720497,19
M12623,0.76,30
M12647,4.787709497,5
M12663,1.576470588,12
M12722,11,13
M12726,3.454545455,7
M12758,6.432098765,18
M12780,3.619354839,25
M12783,4.317919075,8
M12866,1.82208589,16
M12903,2.229885057,8
M12915,6.759036145,14
M12922,6.34591195,21
M12957,3.706586826,13
M12965,4.641618497,9
M12995,3.178343949,26
M13006,3.273809524,13
M13010,1.927152318,27
M13109,3.755813953,11
M13144,2.651162791,10
M13178,3.949152542,7
M13195,4.228070175,10
M13234,0.74025974,26
M13250,0.857142857,26
M13258,1.24516129,25
M13280,1.466666667,3
M13287,3.952380952,14
M13290,3.451219512,18
M13299,0.592814371,12
M13337,0.638709677,23
M13357,8.770700637,21
M13376,0.409638554,14
M13430,3.179640719,14
M13438,4.905882353,11
M13443,6.586592179,5
M13499,4.893491124,10
M13504,4.569060773,3
M13574,2.220125786,19
M13580,0.702380952,13
M13607,1.530612245,29
M13623,0.044444444,4
M13722,0.529411765,26
M13758,4.247058824,12
M13810,3.013422819,29
M13811,0.2,11
M13820,11.94047619,13
M13825,1.417582418,2
M13891,1.049079755,15
M13970,10.25748503,12
M13973,0.333333333,26
M13999,3.125,6
M14027,0.818181818,8
M14068,0.552795031,19
M14139,0.292517007,31
M14198,2.472527473,1
M14214,11.52287582,26
M14240,1.719101124,5
M14280,0.87804878,15
M14307,0.952941176,11
M14342,2.705521472,17
M14347,13.01351351,32
M14356,1.167597765,4
M14413,10.34177215,21
M14443,0.561797753,5
M14449,0.801324503,28
M14456,6.6,9
M14563,7.052631579,27
M14577,4.497142857,8
M14628,2.859649123,11
M14633,1.662162162,31
M14664,1.146067416,5
M14780,12.29411765,26
M14825,1.372881356,5
M14852,0.952941176,12
M14884,6.398843931,10
M14922,3.157303371,5
M14937,7.846153846,24
M14949,5.857142857,12
M14965,2.139072848,30
M14997,0.052631579,27
M15018,3.331360947,14
M15045,1.437869822,13
M15069,2.141242938,6
M15088,4.04516129,26
M15097,1.849162011,4
M15151,6.387755102,32
M15173,1.064102564,25
M15223,2.02994012,14
M15263,4.767741935,25
M15447,1.8,15
M15463,6.877300613,16
M15513,7.506493506,25
M15527,10.5862069,8
M15568,11.33333333,19
M15592,1.844720497,19
M15607,1.301675978,3
M15617,1.036363636,13
M15644,1.022857143,7
M15647,3.61038961,26
M15654,8.506024096,12
M15695,3.318181818,7
M15718,2.731843575,4
M15777,4.880794702,30
M15803,3.902857143,8
M15814,3.179640719,14
M15842,9.72,26
M15843,3.178571429,11
M15870,2.098265896,10
M15878,0.195266272,11
M15925,3.454545455,6
M15956,5.056179775,6
M15969,3.134078212,4
M16076,2.431952663,11
M16122,0.719512195,15
M16141,4.570621469,7
M16162,0.165644172,15
M16179,1.951807229,17
M16245,3.289017341,8
M16249,2,6
M16256,2.684210526,10
M16294,7.243243243,33
M16297,3.110429448,18
M16299,13.13636364,7
M16342,4.493333333,28
M16373,1.922155689,15
M16393,4.068965517,9
M16467,7.11627907,10
M16484,2.862068966,6
M16495,2.918918919,31
M16542,4.095238095,12
M16579,0.183673469,31
M16589,2.081395349,10
M16622,1.734177215,22
M16678,3.658227848,22
M16824,1.407407407,18
M16827,0.292517007,30
M16850,2.658823529,9
M16856,5.988505747,7
M16865,0.463687151,3
M16869,2.211428571,8
M16884,11.83018868,19
M16910,5.684210526,28
M16938,1.943181818,7
M16941,3.610778443,14
M16961,5.544378698,11
M16982,0.483870968,25
M17033,2.329411765,11
M17048,6.171974522,20
M17054,3.012738854,25
M17070,1.397727273,6
M17076,2.373333333,30
M17083,3.316384181,5
M17149,1.867052023,11
M17154,4.631578947,25
M17202,3.980645161,24
M17222,0.748571429,8
M17234,2.894117647,12
M17240,8.23255814,10
M17245,4.556886228,15
M17315,1.472727273,17
M17323,7.959537572,9
M17348,0.966101695,6
M17439,0.973333333,27
M17466,7.917197452,22
M17494,3.426229508,1
M17514,3.6,10
M17516,1.546583851,21
M17625,4.263157895,28
M17693,6.797468354,22
M17701,12.05747126,9
M17738,2.871345029,11
M17784,7.107784431,12
M17814,4.072625698,5
M17839,1.051948052,25
M17867,5.994152047,10
M17922,10.89677419,25
M17927,5.416184971,8
M17937,0.21686747,13
M18053,4.765432099,19
M18056,1.180722892,14
M18067,3.670454545,6
M18118,3.755813953,11
M18133,5.627906977,8
M18154,0.460674157,5
M18182,0.942196532,10
M18189,0.355263158,25
M18237,0.305389222,13
M18239,3.993548387,26
M18248,5.836363636,15
M18303,11.42307692,24
M18305,12.77272727,6
M18318,3.754285714,5
M18340,2.532163743,12
M18401,0.852272727,6
M18462,11.67777778,3
M18489,0.801169591,10
M18510,1.026845638,28
M18523,2.763313609,13
M18572,9.296296296,18
M18587,2.68,27
M18614,6.197740113,5
M18637,5.136645963,18
M18638,10.76136364,5
M18642,1.511111111,4
M18683,8.913580247,19
M18888,3.476190476,13
M18902,0.737142857,7
M18934,1.94047619,11
M18940,7.16,27
M18947,3,16
M18960,2.436241611,32
M18975,0.2,13
M18979,2.481481481,17
M18980,1.719101124,5
M18982,10.09459459,28
M18986,4.060240964,16
M18988,2.322033898,7
M18993,0.75862069,7
M19009,1.464285714,11
M19027,0.00621118,19
M19064,1.192090395,7
M19116,3.069364162,9
M19117,5.988505747,7
M19126,5.255813953,9
M19135,3.514619883,9
M19150,2.965517241,6
M19185,4.265822785,20
M19190,4.921348315,5
M19361,4.132075472,20
M19420,5.858823529,11
M19432,0.820512821,26
M19439,6.426666667,28
M19468,3.413793103,8
M19475,6.345679012,17
M19499,8.112582781,28
M19553,1.357541899,5
M19583,3.526315789,9
M19647,1.377358491,20
M19662,3.384615385,22
M19669,11.1375,21
M19695,4.961538462,24
M19705,0.943181818,6
M19708,4.516853933,6
M19778,9.241610738,30
M19866,1.395209581,14
M19880,1.491620112,4
M19901,0.931034483,8
M19930,2.94011976,16
M19963,2.348314607,5
M19966,6.816091954,7
M19969,1.52,30
M20020,2.263157895,10
M20024,4.341176471,12
M20174,0.033333333,2
M20182,2.656441718,18
M20213,0.292682927,16
M20269,5.011560694,10
M20397,0.188571429,7
M20412,0.988439306,8
M20442,1.469798658,30
M20443,3.582857143,8
M20455,6.418181818,18
M20535,6.563636364,16
M20555,1.598870056,7
M20566,9.730337079,4
M20628,7.812121212,14
M20713,0.65060241,15
M20785,1.218181818,16
M20842,1.6375,20
M20914,2.481481481,17
M20963,0.463687151,4
M20991,0.76,29
M20998,0.182320442,3
M21020,4.3375,18
M21075,2.756756757,30
M21079,5.152941176,12
M21126,4.905882353,10
M21127,6.73255814,10
M21209,2.615384615,25
M21320,4.120481928,14
M21364,9.84,28
M21398,5.302325581,8
M21445,11,33
M21464,0.165644172,18
M21485,5.013422819,28
M21560,4.868852459,1
M21584,2.847058824,13
M21661,6.398843931,8
M21663,3.197674419,11
M21672,3.477419355,26
M21689,2.986928105,28
M21699,2.786666667,29
M21705,1.951807229,16
M21718,5.033898305,7
M21810,5.7,21
M21812,7.836158192,5
M21828,6.26744186,11
M21844,0.45,19
M21880,3.582857143,6
M21905,4.829268293,15
M21984,2.622641509,20
M21990,3.853333333,30
M22010,1.525714286,7
M22014,0.461538462,23
M22026,2.81595092,17
M22078,5.165680473,11
M22157,5.24,26
M22244,1.93081761,21
M22287,4.2375,21
M22371,3.140350877,9
M22382,2.374233129,18
M22453,4.53164557,22
M22466,2.422818792,29
M22484,3.023121387,7
M22551,3.96,27
M22567,3.413793103,9
M22570,0.094972067,5
M22733,4.897142857,6
M22841,9.036809816,16
M22905,1.404624277,8
M22931,1.625698324,5
M22964,5.092105263,26
M22965,5.407643312,24
M23003,0.105882353,10
M23026,4.691275168,27
M23029,5.145251397,3
M23061,0.767955801,2
M23086,2.761363636,6
M23134,0.85620915,28
M23190,2.209580838,12
M23227,3.290697674,10
M23261,5.622516556,28
M23295,0.417721519,22
M23315,0.034883721,10
M23366,2.852272727,6
M23408,11.83018868,21
M23455,2.593220339,6
M23515,6.642384106,31
M23533,1.768211921,26
M23535,0.72,29
M23537,4.413173653,15
M23551,4.063291139,22
M23570,8.597765363,5
M23673,6.925925926,18
M23748,1.219653179,8
M23846,4.040462428,9
M23848,1.472727273,16
M23855,3.395348837,10
M23870,8.153374233,18
M23878,1.237288136,6
M23881,6.898876404,4
M23916,0.364864865,31
M23961,0.754385965,11
M24034,0.20754717,21
M24036,3.037037037,19
M24052,6.294797688,8
M24141,6.633136095,11
M24161,1.684563758,30
M24178,7.277456647,9
M24232,6,26
M24410,10.96363636,14
M24499,5.850828729,3
M24513,4.777777778,9
M24525,0.814814815,20
M24645,2.097560976,16
M24800,6.723756906,3
M24818,2.964912281,10
M24840,1.451612903,24
M24851,1.132450331,27
M24869,8.367231638,7
M24909,3.012269939,17
M24940,0.814814815,18
M24947,3,6
M25107,9.448275862,8
M25109,1.163265306,34
M25143,4.672727273,14
M25250,2.030674847,16
M25254,3,10
M25308,1.022988506,9
M25342,5.337209302,10
M25431,1.8,20
M25438,1.304878049,16
M25444,6.25,28
M25446,3.413793103,8
M25481,2.766871166,16
M25539,1.75739645,13
M25542,4.206703911,5
M25623,1.616352201,22
M25645,1.32748538,11
M25747,2.348314607,5
M25799,1.632911392,22
M25814,2.95480226,6
M25921,1.467836257,12
M25941,0.482352941,9
M25950,3.214689266,5
M25977,11.56140351,10
M26011,5.188235294,11
M26016,5.103896104,25
M26054,4.454545455,7
M26076,2.179775281,4
M26106,2,4
M26133,2.224719101,4
M26139,3.857142857,14
M26180,10.125,5
M26194,3.074074074,17
M26237,4.714285714,12
M26244,0.125827815,27
M26262,4.954285714,7
M26291,6.152542373,5
M26344,2.506329114,20
M26402,1.122905028,5
M26466,1.384615385,24
M26487,1.701986755,28
M26490,5.666666667,11
M26501,2.915662651,15
M26504,1.13559322,7
M26544,2.923076923,22
M26640,6.847953216,9
M26803,11.53846154,23
M26815,3.74556213,15
M26884,0.655555556,4
M26901,4.117318436,4
M26907,8.716049383,16
M27007,5.068965517,8
M27024,1.942528736,7
M27087,0,12
M27092,7.367816092,7
M27118,0.748571429,8
M27216,3.598802395,13
M27245,7.285714286,12
M27338,9.178571429,13
M27365,12.53142857,8
M27410,1.423529412,10
M27435,3.981818182,15
M27441,1.443037975,22
M27453,5.523255814,8
M27506,1.036363636,16
M27519,0.428571429,23
M27590,5.299319728,34
M27594,1.248447205,19
M27607,5.745762712,6
M27611,0.686046512,11
M27781,4.885057471,6
M27787,0.622641509,20
M27820,5.846153846,20
M27834,0.150837989,4
M27888,4.721212121,15
M27920,11.62025316,22
M27950,2,14
M27957,0.701298701,27
M27976,4.949685535,22
M27990,3.6,12
M27994,1.539325843,5
M28000,2.355932203,6
M28024,0.271604938,17
M28073,1.659217877,3
M28130,11.39306358,9
M28183,8.941520468,12
M28227,1.611764706,10
M28243,8.011764706,10
M28259,1.72972973,30
M28315,9.981595092,18
M28319,4.30994152,11
M28323,8.976047904,14
M28387,1.310344828,9
M28459,3.6,3
M28463,3.797687861,10
M28473,2.187096774,26
M28485,1.736842105,27
M28596,3.931677019,19
M28614,4.581081081,31
M28656,0.382550336,32
M28738,0.546961326,3
M28790,0.710982659,11
M28801,1.658536585,16
M28951,2.25,26
M28953,1.31372549,26
M28965,11.36464088,3
M29027,0.933701657,2
M29031,0.836734694,31
M29072,1.644067797,5
M29120,0.496932515,17
M29123,9.509090909,17
M29191,11.6746988,14
M29195,10.55172414,7
M29286,0.635294118,10
M29321,0.622641509,21
M29346,0.418604651,11
M29349,2.341935484,25
M29367,10.42331288,17
M29424,5.023255814,9
M29490,5.306818182,7
M29558,4.5,10
M29569,5.670454545,8
M29582,10.0375,20
M29602,1.736842105,10
M29642,3.450331126,30
M29650,6.952095808,13
M29665,4.914110429,15
M29723,4.37414966,32
M29750,1.937142857,7
M29776,3.891891892,30
M29833,3.069767442,8
M29884,3.528301887,21
M29891,4.555555556,9
M29893,4.975609756,17
M29935,1.285714286,13
M29942,0.611428571,8
M29975,10.46938776,35
M29994,1.259259259,18
M30009,2.310810811,31
M30022,0.409090909,7
M30039,1.251428571,9
M30057,8.112359551,5
M30077,1.402684564,30
M30087,4.517241379,8
M30105,1.488372093,9
M30138,5.302325581,10
M30227,5.243243243,30
M30246,0.86440678,6
M30255,2.325581395,10
M30262,2.181818182,6
M30290,4.153846154,23
M30291,8.526627219,13
M30292,8.502762431,3
M30371,4.082802548,23
M30469,3.110497238,3
M30472,2.467455621,10
M30490,0.447513812,2
M30552,6.5,23
M30558,3.357541899,4
M30656,0.312883436,16
M30660,8.748571429,6
M30669,0.329268293,16
M30688,11.30232558,11
M30737,4.517241379,6
M30791,2.298701299,25
M30872,4.921348315,4
M30914,1.324675325,25
M30940,1.491017964,14
M30960,9.925714286,7
M30973,4.72,28
M30995,0.215189873,22
M31010,1.74829932,32
M31012,4.254237288,5
M31037,3.982857143,7
M31268,2.812080537,31
M31271,2.652694611,13
M31280,2.758389262,29
M31340,5.74556213,12
M31359,4.093023256,9
M31397,1.561403509,10
M31488,3.348993289,28
M31505,4.817142857,8
M31516,3,10
M31546,1.469798658,32
M31565,4.409395973,30
M31633,7.464285714,13
M31646,2.101265823,24
M31693,3.855555556,4
M31718,1.773006135,20
M31723,5.944785276,17
M31732,3.473372781,10
M31761,5.430232558,7
M31771,12.57062147,4
M31886,6.408805031,22
M31950,7.333333333,16
M31998,9.503225806,23
M32012,4.1375,20
M32028,1.884615385,21
M32042,1.609756098,13
M32068,2.963414634,16
M32118,1.208092486,9
M32146,11.02285714,8
M32158,2.615384615,23
M32168,0.636363636,25
M32254,4.34939759,15
M32284,3.013422819,28
M32321,6.987730061,20
M32351,3.706666667,30
M32369,1.534883721,9
M32423,10,4
M32452,2.348314607,6
M32553,0.477124183,25
M32554,3.099447514,3
M32585,3.816326531,32
M32615,4.401273885,24
M32623,0.1375,19
M32634,3.22754491,14
M32661,3.617142857,6
M32676,3.318181818,6
M32685,1.407407407,17
M32723,1.943181818,6
M32868,3.845238095,11
M32904,3.318181818,8
M32970,1.282208589,17
M32980,3.256097561,15
M32984,8.761363636,7
M33067,7.958083832,13
M33074,0.647058824,25
M33106,1.662857143,7
M33116,2.80952381,11
M33142,1.116883117,25
M33241,1.341176471,14
M33253,1.488636364,7
M33254,1.8,22
M33328,2.254658385,20
M33353,1.348993289,32
M33377,0.817073171,15
M33445,1.9,3
M33507,12.34117647,13
M33519,4.796407186,14
M33548,3,28
M33565,3.039735099,27
M33590,1.951807229,14
M33606,3.194805195,26
M33633,3.420382166,21
M33686,5.416184971,7
M33696,2.054054054,31
M33742,0.321428571,11
M33824,1.553672316,6
M33853,0.797297297,32
M33857,5.761363636,6
M33864,4.829268293,13
M33891,0.648484848,17
M33951,4.114942529,8
M34004,1.993288591,31
M34014,2.017142857,7
M34075,7.421768707,33
M34114,0.620689655,9
M34175,4.315789474,29
M34181,2.528089888,6
M34203,2.397435897,25
M34208,3.140350877,12
M34235,0.670588235,10
M34279,2.00621118,20
M34333,3.909090909,8
M34343,0.790697674,10
M34356,9.469879518,16
M34363,7.80952381,13
M34367,6.034090909,8
M34378,3.217948718,24
M34424,6.446540881,22
M34432,1.051948052,25
M34453,0.280898876,4
M34455,1.337837838,29
M34477,8.122222222,2
M34534,3.268292683,16
M34557,11.78980892,25
M34599,3,18
M34607,0.515923567,23
M34610,6.174418605,11
M34636,2.889502762,2
M34638,3.707317073,18
M34673,4.211428571,8
M34701,2.543624161,29
M34726,0.188571429,7
M34733,0.34502924,10
M34829,2.2,18
M34884,0.165644172,19
M35034,4.5,11
M35041,2.094117647,13
M35059,5.84,29
M35063,4.829268293,16
M35076,0.112582781,27
M35150,6.680981595,18
M35254,8.797619048,13
M35269,1.259259259,19
M35345,4.197278912,32
M35412,2.777777778,11
M35419,3.069364162,8
M35429,2.079754601,16
M35437,6.01734104,9
M35500,1.047337278,14
M35560,3.943181818,6
M35589,2.094117647,11
M35605,2.943820225,4
M35634,0.670588235,10
M35643,1.937142857,7
M35653,5.764044944,4
M35654,1.894736842,26
M35714,12.07058824,12
M35716,9.682080925,9
M35726,7.011299435,5
M35744,1.089171975,24
M35812,0.256756757,32
M35931,7.772727273,6
M35981,3.666666667,19
M35996,4.607142857,12
M36006,1.566037736,19
M36026,3.045454545,6
M36036,0.363057325,23
M36116,0.509433962,20
M36122,4.885057471,7
M36173,2.670731707,19
M36210,0.272727273,8
M36219,3.980645161,25
M36232,2.183431953,13
M36258,10.03448276,7
M36284,1.482758621,9
M36299,7.183908046,10
M36313,5.896551724,7
M36328,5.537142857,7
M36411,3.544217687,31
M36419,0.437908497,24
M36459,0.457627119,7
M36463,11.36585366,17
M36469,2.157894737,28
M36491,0.884393064,8
M36563,1.82208589,17
M36603,4.755555556,3
M36608,0.823129252,31
M36638,6.550295858,11
M36640,0.842424242,14
M36712,3.513157895,27
M36727,0.279069767,10
M36729,4.265306122,31
M36778,2.955307263,5
M36783,3.295081967,1
M36787,6.479768786,9
M36882,3.706666667,28
M36906,3.197368421,27
M36917,7.314465409,22
M36925,7.308724832,32
M36991,10.97687861,8
M36993,7.203592814,13
M37010,2.141242938,5
M37011,4.558139535,8
M37012,0.905405405,29
M37056,3.573248408,24
M37104,2.197530864,18
M37121,2.119496855,22
M37179,2.397435897,23
M37184,2.220338983,5
M37202,3.409090909,6
M37211,1.490797546,15
M37256,3.887573964,10
M37257,1.078212291,4
M37276,0.112426036,13
M37348,0,29
M37368,2.703296703,1
M37391,0.803278689,1
M37522,0.105882353,13
M37584,2.431952663,12
M37747,0.766081871,11
M37808,4.34939759,15
M37835,3.706666667,29
M37837,1.25,19
M37842,3.880503145,22
M37857,0.264516129,24
M37873,0.905325444,11
M37934,6.642384106,25
M37978,3.797752809,5
M38005,1.916129032,24
M38050,5.90797546,16
M38059,1.502923977,12
M38062,0.803680982,16
M38081,5.908045977,8
M38085,5.6375,21
M38130,10.76829268,15
M38147,0.482352941,14
M38252,2.060402685,31
M38263,0.432432432,29
M38288,3.765100671,30
M38307,7.210526316,30
M38316,9.714285714,13
M38333,1.862068966,10
M38457,0.141025641,21
M38491,0.052023121,8
M38537,3.931677019,19
M38557,2.226190476,14
M38590,3.730769231,24
M38713,4.779069767,7
M38740,9.3375,19
M38769,2.13253012,13
M38775,1.523489933,31
M38793,11.05063291,21
M38821,1.986486486,29
M38822,5.696202532,23
M38826,8.578947368,9
M38845,3.624277457,9
M38872,0.620689655,9
M38875,9.370786517,6
M38876,0.763975155,18
M38913,11.72368421,28
M38919,1.051948052,25
M38978,3.335260116,9
M38996,1.113207547,18
M38998,4.717647059,11
M39018,6.627329193,20
M39105,0.318435754,5
M39125,2.220125786,22
M39154,10.49438202,5
M39219,1.023952096,17
M39236,2.174418605,11
M39302,4.456647399,10
M39325,0.952941176,12
M39339,3.104651163,8
M39347,3.573248408,22
M39401,1.265895954,9
M39460,4.19047619,13
M39484,8.098265896,9
M39548,1.390804598,9
M39575,0.835443038,22
M39689,6.793939394,18
M39698,7.067567568,32
M39707,2,16
M39740,4.376623377,24
M39771,0.068322981,19
M39777,7.559006211,18
M39789,4.961783439,23
M39812,5.012121212,17
M39849,3.625698324,5
M39924,2.825581395,9
M40014,0.923076923,26
M40016,1.302631579,25
M40054,0.763975155,21
M40063,0.977142857,6
M40097,4.796610169,5
M40114,2.453488372,10
M40120,1.688888889,4
M40148,11.52631579,9
M40173,2.602649007,27
M40205,5.815286624,23
M40240,0.103448276,9
M40259,1.574712644,7
M40296,5.666666667,23
M40399,1.397727273,6
M40424,1.609756098,15
M40427,1.324675325,24
M40482,1.579881657,15
M40497,0.473684211,10
M40547,4.677852349,29
M40606,4,6
M40610,2.506329114,22
M40649,0.607142857,14
M40653,4.081761006,21
M40655,2.987654321,18
M40663,1.272108844,31
M40697,0.409638554,13
M40771,2.725490196,27
M40778,1.945454545,15
M40821,0.226190476,12
M40912,3.883435583,15
M40934,0,16
M40939,2.597701149,9
M40945,3.706666667,28
M40961,8.817073171,17
M41004,7.552941176,11
M41022,1.390804598,8
M41086,3.283783784,33
M41168,9.380368098,17
M41201,1.736842105,27
M41225,4.056179775,5
M41238,9.842105263,8
M41250,2.892857143,11
M41274,6.25974026,26
M41355,2.157894737,11
M41370,3.123595506,6
M41377,12.58108108,32
M41441,9.072727273,13
M41457,5.988505747,10
M41461,2.656804734,12
M41555,3.412121212,16
M41592,10.70860927,28
M41646,0.869822485,14
M41651,8.141242938,3
M41686,0.766081871,11
M41742,2.573170732,18
M41749,3.265822785,21
M41751,6,11
M41797,9.9,20
M41813,3.185185185,18
M41939,6.769230769,26
M41962,6.48603352,4
M41971,4.792207792,26
M42098,3.357541899,5
M42204,3.951219512,17
M42246,2.544303797,19
M42253,1.894736842,27
M42333,7.2,20
M42365,6.363128492,4
M42368,8.195530726,5
M42376,9.852272727,7
M42383,6.151898734,20
M42519,5.895705521,20
M42526,1.404624277,9
M42548,5.125,4
M42611,2.681818182,6
M42671,3.836363636,14
M42682,9.729281768,3
M42819,2.348571429,6
M42843,5.731428571,6
M42863,2.380952381,14
M42932,1.633333333,4
M42954,1.617449664,32
M42965,9.745341615,19
M42992,1.072727273,13
M43025,1.027027027,31
M43035,2.072847682,27
M43114,1.388235294,9
M43120,1.662162162,31
M43133,1.192090395,6
M43147,4.426829268,17
M43275,4.917647059,11
M43297,4.355555556,3
M43310,1.244186047,9
M43325,2.590909091,7
M43339,3.402597403,27
M43393,8.204819277,14
M43442,2.082352941,9
M43519,4.303867403,3
M43537,4.690607735,3
M43602,10.37430168,4
M43606,0.923076923,23
M43633,1.898734177,23
M43646,0.640449438,5
M43655,3.32183908,7
M43660,7.107784431,12
M43687,12.73006135,17
M43716,0.551282051,23
M43736,3.280701754,11
M43767,7.282208589,18
M43779,0.463687151,3
M43791,0.152542373,7
M43796,4.786163522,23
M43830,3.689655172,6
M43874,4.643312102,20
M43900,0.801169591,10
M43921,6.408284024,11
M43982,3.174496644,29
M44052,3.134228188,29
M44056,4.39869281,24
M44057,6.723756906,2
M44064,1.127388535,22
M44084,7.217948718,23
M44219,13.06779661,6
M44272,1.795321637,8
M44321,2.959459459,32
M44329,0.86163522,20
M44423,0.88,30
M44448,3.730769231,22
M44471,4.595505618,4
M44492,6.972972973,31
M44509,2.640718563,16
M44516,1.670454545,8
M44528,6.463087248,30
M44579,2.382716049,18
M44600,7.729411765,12
M44648,1.797385621,25
M44679,4.042944785,16
M44741,7.282208589,17
M44760,1.979591837,33
M44765,1.49689441,18
M44863,3.847457627,6
M44931,5.230769231,24
M45057,3.0375,21
M45086,1.849162011,3
M45094,1.5,18
M45176,5.125,7
M45201,3.359281437,13
M45219,5.711864407,6
M45310,3.195402299,8
M45315,6.303370787,5
M45333,2.375722543,8
M45347,12.05882353,13
M45348,0.727810651,13
M45362,5.013605442,32
M45375,0.6375,19
M45383,0.814569536,27
M45528,5.091428571,7
M45532,0.86440678,6
M45542,2.615384615,25
M45557,1.218181818,15
M45654,4.813333333,28
M45702,1.011428571,6
M45745,2.031446541,22
M45753,3.186335404,18
M45812,4.114942529,7